{
  "key": "group_819356",
  "title": "modello lista prova - Custom Fields",
  "fields": [
    {
      "key": "field_Beneficiario_0",
      "label": "Beneficiario",
      "name": "Beneficiario",
      "type": "textarea",
      "instructions": "",
      "required": 0,
      "conditional_logic": 0,
      "wrapper": {
        "width": "",
        "class": "",
        "id": ""
      },
      "default_value": "",
      "placeholder": "",
      "prepend": "",
      "append": "",
      "maxlength": ""
    },
    {
      "key": "field_CF_P_IVA_1",
      "label": "CF/P.IVA",
      "name": "CF_P_IVA",
      "type": "textarea",
      "instructions": "",
      "required": 0,
      "conditional_logic": 0,
      "wrapper": {
        "width": "",
        "class": "",
        "id": ""
      },
      "default_value": "",
      "placeholder": "",
      "prepend": "",
      "append": "",
      "maxlength": ""
    },
    {
      "key": "field_Importo_Complessivo_2",
      "label": "Importo Complessivo",
      "name": "Importo_Complessivo",
      "type": "text",
      "instructions": "",
      "required": 0,
      "conditional_logic": 0,
      "wrapper": {
        "width": "",
        "class": "",
        "id": ""
      },
      "default_value": "",
      "placeholder": "",
      "prepend": "",
      "append": "",
      "maxlength": ""
    },
    {
      "key": "field_Norma_o_titolo_a_base_di_attribuzione_3",
      "label": "Norma o titolo a base di attribuzione",
      "name": "Norma_o_titolo_a_base_di_attribuzione",
      "type": "textarea",
      "instructions": "",
      "required": 0,
      "conditional_logic": 0,
      "wrapper": {
        "width": "",
        "class": "",
        "id": ""
      },
      "default_value": "",
      "placeholder": "",
      "prepend": "",
      "append": "",
      "maxlength": ""
    },
    {
      "key": "field_Ufficio_4",
      "label": "Ufficio",
      "name": "Ufficio",
      "type": "textarea",
      "instructions": "",
      "required": 0,
      "conditional_logic": 0,
      "wrapper": {
        "width": "",
        "class": "",
        "id": ""
      },
      "default_value": "",
      "placeholder": "",
      "prepend": "",
      "append": "",
      "maxlength": ""
    },
    {
      "key": "field_Responsabile_5",
      "label": "Responsabile",
      "name": "Responsabile",
      "type": "textarea",
      "instructions": "",
      "required": 0,
      "conditional_logic": 0,
      "wrapper": {
        "width": "",
        "class": "",
        "id": ""
      },
      "default_value": "",
      "placeholder": "",
      "prepend": "",
      "append": "",
      "maxlength": ""
    },
    {
      "key": "field_Modalita__per_individuare_il_beneficiario_6",
      "label": "Modalita\u0027 per individuare il beneficiario",
      "name": "Modalita__per_individuare_il_beneficiario",
      "type": "textarea",
      "instructions": "",
      "required": 0,
      "conditional_logic": 0,
      "wrapper": {
        "width": "",
        "class": "",
        "id": ""
      },
      "default_value": "",
      "placeholder": "",
      "prepend": "",
      "append": "",
      "maxlength": ""
    },
    {
      "key": "field_Data_pubblicazione_7",
      "label": "Data pubblicazione",
      "name": "Data_pubblicazione",
      "type": "text",
      "instructions": "",
      "required": 0,
      "conditional_logic": 0,
      "wrapper": {
        "width": "",
        "class": "",
        "id": ""
      },
      "default_value": "",
      "placeholder": "",
      "prepend": "",
      "append": "",
      "maxlength": ""
    }
  ],
  "location": [
    [
      {
        "param": "post_type",
        "operator": "==",
        "value": "819356"
      }
    ]
  ],
  "menu_order": 0,
  "position": "normal",
  "style": "default",
  "label_placement": "top",
  "instruction_placement": "label",
  "hide_on_screen": [],
  "active": true,
  "description": ""
}