{
  "key": "group_14714559",
  "title": "CARD_AGID - Custom Fields",
  "fields": [
    {
      "key": "field_icona_0",
      "label": "Icona",
      "name": "icona",
      "type": "text",
      "instructions": "",
      "required": 0,
      "conditional_logic": 0,
      "wrapper": {
        "width": "",
        "class": "",
        "id": ""
      },
      "default_value": "",
      "placeholder": "",
      "prepend": "",
      "append": "",
      "maxlength": ""
    },
    {
      "key": "field_descrizione_1",
      "label": "Descrizione",
      "name": "descrizione",
      "type": "textarea",
      "instructions": "",
      "required": 0,
      "conditional_logic": 0,
      "wrapper": {
        "width": "",
        "class": "",
        "id": ""
      },
      "default_value": "",
      "placeholder": "",
      "prepend": "",
      "append": "",
      "maxlength": ""
    },
    {
      "key": "field_collegamento_2",
      "label": "Collegamento alla Pagina",
      "name": "collegamento",
      "type": "text",
      "instructions": "",
      "required": 0,
      "conditional_logic": 0,
      "wrapper": {
        "width": "",
        "class": "",
        "id": ""
      },
      "default_value": "",
      "placeholder": "",
      "prepend": "",
      "append": "",
      "maxlength": ""
    }
  ],
  "location": [
    [
      {
        "param": "post_type",
        "operator": "==",
        "value": "14714559"
      }
    ]
  ],
  "menu_order": 0,
  "position": "normal",
  "style": "default",
  "label_placement": "top",
  "instruction_placement": "label",
  "hide_on_screen": [],
  "active": true,
  "description": ""
}