{
  "key": "group_10154040",
  "title": "PNRR_scuole - Custom Fields",
  "fields": [
    {
      "key": "field_Titolo_del_progetto_0",
      "label": "Titolo del progetto",
      "name": "Titolo_del_progetto",
      "type": "textarea",
      "instructions": "",
      "required": 0,
      "conditional_logic": 0,
      "wrapper": {
        "width": "",
        "class": "",
        "id": ""
      },
      "default_value": "",
      "placeholder": "",
      "prepend": "",
      "append": "",
      "maxlength": ""
    },
    {
      "key": "field_CUP_1",
      "label": "CUP",
      "name": "CUP",
      "type": "text",
      "instructions": "",
      "required": 0,
      "conditional_logic": 0,
      "wrapper": {
        "width": "",
        "class": "",
        "id": ""
      },
      "default_value": "",
      "placeholder": "",
      "prepend": "",
      "append": "",
      "maxlength": ""
    },
    {
      "key": "field_Misura_2",
      "label": "Misura PNRR",
      "name": "Misura",
      "type": "textarea",
      "instructions": "",
      "required": 0,
      "conditional_logic": 0,
      "wrapper": {
        "width": "",
        "class": "",
        "id": ""
      },
      "default_value": "",
      "placeholder": "",
      "prepend": "",
      "append": "",
      "maxlength": ""
    },
    {
      "key": "field_Importo_3",
      "label": "Importo",
      "name": "Importo",
      "type": "text",
      "instructions": "",
      "required": 0,
      "conditional_logic": 0,
      "wrapper": {
        "width": "",
        "class": "",
        "id": ""
      },
      "default_value": "",
      "placeholder": "",
      "prepend": "",
      "append": "",
      "maxlength": ""
    }
  ],
  "location": [
    [
      {
        "param": "post_type",
        "operator": "==",
        "value": "10154040"
      }
    ]
  ],
  "menu_order": 0,
  "position": "normal",
  "style": "default",
  "label_placement": "top",
  "instruction_placement": "label",
  "hide_on_screen": [],
  "active": true,
  "description": "\u003C?xml version=\u00271.0\u0027 encoding=\u0027UTF-8\u0027?\u003E\u003Croot available-locales=\u0022it_IT\u0022 default-locale=\u0022it_IT\u0022\u003E\u003CDescription language-id=\u0022it_IT\u0022\u003EStruttura per Mappa PNRR Scuole\u003C/Description\u003E\u003C/root\u003E"
}