{
  "key": "group_227398",
  "title": "Interventi straordinari - Custom Fields",
  "fields": [
    {
      "key": "field_di_concessione_0",
      "label": "di concessione",
      "name": "di_concessione",
      "type": "text",
      "instructions": "",
      "required": 0,
      "conditional_logic": 0,
      "wrapper": {
        "width": "",
        "class": "",
        "id": ""
      },
      "default_value": "",
      "placeholder": "",
      "prepend": "",
      "append": "",
      "maxlength": ""
    },
    {
      "key": "field_Nominativo_beneficiario_1",
      "label": "Nominativo beneficiario",
      "name": "Nominativo_beneficiario",
      "type": "text",
      "instructions": "",
      "required": 0,
      "conditional_logic": 0,
      "wrapper": {
        "width": "",
        "class": "",
        "id": ""
      },
      "default_value": "",
      "placeholder": "",
      "prepend": "",
      "append": "",
      "maxlength": ""
    },
    {
      "key": "field__P_IVA__o_C_F___2",
      "label": " P.IVA. o C.F. ",
      "name": "_P_IVA__o_C_F__",
      "type": "text",
      "instructions": "",
      "required": 0,
      "conditional_logic": 0,
      "wrapper": {
        "width": "",
        "class": "",
        "id": ""
      },
      "default_value": "",
      "placeholder": "",
      "prepend": "",
      "append": "",
      "maxlength": ""
    },
    {
      "key": "field_Importo_del_vantaggio_economico_3",
      "label": "Importo del vantaggio economico",
      "name": "Importo_del_vantaggio_economico",
      "type": "text",
      "instructions": "",
      "required": 0,
      "conditional_logic": 0,
      "wrapper": {
        "width": "",
        "class": "",
        "id": ""
      },
      "default_value": "",
      "placeholder": "",
      "prepend": "",
      "append": "",
      "maxlength": ""
    },
    {
      "key": "field_Norma_o_titolo_a_base_dell_attribuzione_4",
      "label": "Norma o titolo a base dell\u2019attribuzione",
      "name": "Norma_o_titolo_a_base_dell_attribuzione",
      "type": "text",
      "instructions": "",
      "required": 0,
      "conditional_logic": 0,
      "wrapper": {
        "width": "",
        "class": "",
        "id": ""
      },
      "default_value": "",
      "placeholder": "",
      "prepend": "",
      "append": "",
      "maxlength": ""
    },
    {
      "key": "field_Ufficio_5",
      "label": "Ufficio",
      "name": "Ufficio",
      "type": "text",
      "instructions": "",
      "required": 0,
      "conditional_logic": 0,
      "wrapper": {
        "width": "",
        "class": "",
        "id": ""
      },
      "default_value": "",
      "placeholder": "",
      "prepend": "",
      "append": "",
      "maxlength": ""
    },
    {
      "key": "field_Funzionario_o_Dirigente_Responsabile_del_procedimento_6",
      "label": "Funzionario o Dirigente Responsabile del procedimento",
      "name": "Funzionario_o_Dirigente_Responsabile_del_procedimento",
      "type": "text",
      "instructions": "",
      "required": 0,
      "conditional_logic": 0,
      "wrapper": {
        "width": "",
        "class": "",
        "id": ""
      },
      "default_value": "",
      "placeholder": "",
      "prepend": "",
      "append": "",
      "maxlength": ""
    },
    {
      "key": "field_Progetto_selezionato_7",
      "label": "Progetto selezionato",
      "name": "Progetto_selezionato",
      "type": "text",
      "instructions": "",
      "required": 0,
      "conditional_logic": 0,
      "wrapper": {
        "width": "",
        "class": "",
        "id": ""
      },
      "default_value": "",
      "placeholder": "",
      "prepend": "",
      "append": "",
      "maxlength": ""
    },
    {
      "key": "field_Modalit\u00E0_seguita_per_individuazione_del_beneficiario_8",
      "label": "Modalit\u00E0 seguita per individuazione del beneficiario",
      "name": "Modalit\u00E0_seguita_per_individuazione_del_beneficiario",
      "type": "text",
      "instructions": "",
      "required": 0,
      "conditional_logic": 0,
      "wrapper": {
        "width": "",
        "class": "",
        "id": ""
      },
      "default_value": "",
      "placeholder": "",
      "prepend": "",
      "append": "",
      "maxlength": ""
    }
  ],
  "location": [
    [
      {
        "param": "post_type",
        "operator": "==",
        "value": "227398"
      }
    ]
  ],
  "menu_order": 0,
  "position": "normal",
  "style": "default",
  "label_placement": "top",
  "instruction_placement": "label",
  "hide_on_screen": [],
  "active": true,
  "description": ""
}