{
  "key": "group_137899",
  "title": "Incarichi amministrativi di vertice - Custom Fields",
  "fields": [
    {
      "key": "field_Nominativo_e__incarico_ricoperto_0",
      "label": "Nominativo e incarico ricoperto",
      "name": "Nominativo_e__incarico_ricoperto",
      "type": "text",
      "instructions": "",
      "required": 0,
      "conditional_logic": 0,
      "wrapper": {
        "width": "",
        "class": "",
        "id": ""
      },
      "default_value": "",
      "placeholder": "",
      "prepend": "",
      "append": "",
      "maxlength": ""
    },
    {
      "key": "field_Curriculum_1",
      "label": "Curriculum",
      "name": "Curriculum",
      "type": "text",
      "instructions": "",
      "required": 0,
      "conditional_logic": 0,
      "wrapper": {
        "width": "",
        "class": "",
        "id": ""
      },
      "default_value": "",
      "placeholder": "",
      "prepend": "",
      "append": "",
      "maxlength": ""
    },
    {
      "key": "field_Retribuzione_2",
      "label": "Retribuzione",
      "name": "Retribuzione",
      "type": "text",
      "instructions": "",
      "required": 0,
      "conditional_logic": 0,
      "wrapper": {
        "width": "",
        "class": "",
        "id": ""
      },
      "default_value": "",
      "placeholder": "",
      "prepend": "",
      "append": "",
      "maxlength": ""
    },
    {
      "key": "field_Atto_di_nomina_3",
      "label": "Atto di nomina",
      "name": "Atto_di_nomina",
      "type": "text",
      "instructions": "",
      "required": 0,
      "conditional_logic": 0,
      "wrapper": {
        "width": "",
        "class": "",
        "id": ""
      },
      "default_value": "",
      "placeholder": "",
      "prepend": "",
      "append": "",
      "maxlength": ""
    },
    {
      "key": "field_Dichiarazione_sulle_cause_di_incompatibilit\u00E0__ed_inconferibilit\u00E0_4",
      "label": "Dichiarazione sulle cause di incompatibilit\u00E0 ed inconferibilit\u00E0",
      "name": "Dichiarazione_sulle_cause_di_incompatibilit\u00E0__ed_inconferibilit\u00E0",
      "type": "text",
      "instructions": "",
      "required": 0,
      "conditional_logic": 0,
      "wrapper": {
        "width": "",
        "class": "",
        "id": ""
      },
      "default_value": "",
      "placeholder": "",
      "prepend": "",
      "append": "",
      "maxlength": ""
    },
    {
      "key": "field_Situazione_patrimoniale_2015_5",
      "label": "Situazione patrimoniale 2015",
      "name": "Situazione_patrimoniale_2015",
      "type": "text",
      "instructions": "",
      "required": 0,
      "conditional_logic": 0,
      "wrapper": {
        "width": "",
        "class": "",
        "id": ""
      },
      "default_value": "",
      "placeholder": "",
      "prepend": "",
      "append": "",
      "maxlength": ""
    },
    {
      "key": "field_Collegamento_alla_Pagina7641_6",
      "label": "Collegamento alla Pagina",
      "name": "Collegamento_alla_Pagina7641",
      "type": "text",
      "instructions": "",
      "required": 0,
      "conditional_logic": 0,
      "wrapper": {
        "width": "",
        "class": "",
        "id": ""
      },
      "default_value": "",
      "placeholder": "",
      "prepend": "",
      "append": "",
      "maxlength": ""
    }
  ],
  "location": [
    [
      {
        "param": "post_type",
        "operator": "==",
        "value": "137899"
      }
    ]
  ],
  "menu_order": 0,
  "position": "normal",
  "style": "default",
  "label_placement": "top",
  "instruction_placement": "label",
  "hide_on_screen": [],
  "active": true,
  "description": ""
}