{
  "key": "group_23753",
  "title": "Struttura Leggi-tutto - Custom Fields",
  "fields": [
    {
      "key": "field_Prima_sezione_HTML_0",
      "label": "Prima sezione HTML",
      "name": "Prima_sezione_HTML",
      "type": "text",
      "instructions": "",
      "required": 0,
      "conditional_logic": 0,
      "wrapper": {
        "width": "",
        "class": "",
        "id": ""
      },
      "default_value": "",
      "placeholder": "",
      "prepend": "",
      "append": "",
      "maxlength": ""
    },
    {
      "key": "field_Titolo_seconda_sezione_1",
      "label": "Titolo seconda sezione",
      "name": "Titolo_seconda_sezione",
      "type": "text",
      "instructions": "",
      "required": 0,
      "conditional_logic": 0,
      "wrapper": {
        "width": "",
        "class": "",
        "id": ""
      },
      "default_value": "",
      "placeholder": "",
      "prepend": "",
      "append": "",
      "maxlength": ""
    },
    {
      "key": "field_Seconda_sezione_HTML_2",
      "label": "Seconda sezione HTML",
      "name": "Seconda_sezione_HTML",
      "type": "text",
      "instructions": "",
      "required": 0,
      "conditional_logic": 0,
      "wrapper": {
        "width": "",
        "class": "",
        "id": ""
      },
      "default_value": "",
      "placeholder": "",
      "prepend": "",
      "append": "",
      "maxlength": ""
    },
    {
      "key": "field_Leggi_Tutto_3",
      "label": "Leggi Tutto",
      "name": "Leggi_Tutto",
      "type": "true_false",
      "instructions": "",
      "required": 0,
      "conditional_logic": 0,
      "wrapper": {
        "width": "",
        "class": "",
        "id": ""
      },
      "default_value": "",
      "placeholder": "",
      "prepend": "",
      "append": "",
      "maxlength": ""
    }
  ],
  "location": [
    [
      {
        "param": "post_type",
        "operator": "==",
        "value": "23753"
      }
    ]
  ],
  "menu_order": 0,
  "position": "normal",
  "style": "default",
  "label_placement": "top",
  "instruction_placement": "label",
  "hide_on_screen": [],
  "active": true,
  "description": "\u003C?xml version=\u00271.0\u0027 encoding=\u0027UTF-8\u0027?\u003E\u003Croot available-locales=\u0022it_IT\u0022 default-locale=\u0022it_IT\u0022\u003E\u003CDescription language-id=\u0022it_IT\u0022\u003EStruttura estendibile: Sezione1, Titolo Sezione 2,Sezione 2,\u003C/Description\u003E\u003C/root\u003E"
}