{
  "key": "group_1722811",
  "title": "registro degli accessi - Custom Fields",
  "fields": [
    {
      "key": "field_id_0",
      "label": "id",
      "name": "id",
      "type": "text",
      "instructions": "",
      "required": 1,
      "conditional_logic": 0,
      "wrapper": {
        "width": "",
        "class": "",
        "id": ""
      },
      "default_value": "",
      "placeholder": "",
      "prepend": "",
      "append": "",
      "maxlength": ""
    },
    {
      "key": "field_Seleziona2953_1",
      "label": "tipo",
      "name": "Seleziona2953",
      "type": "select",
      "instructions": "",
      "required": 0,
      "conditional_logic": 0,
      "wrapper": {
        "width": "",
        "class": "",
        "id": ""
      },
      "default_value": "",
      "placeholder": "",
      "prepend": "",
      "append": "",
      "maxlength": ""
    },
    {
      "key": "field_option4628_2",
      "label": "accesso 241/90",
      "name": "option4628",
      "type": "text",
      "instructions": "",
      "required": 0,
      "conditional_logic": 0,
      "wrapper": {
        "width": "",
        "class": "",
        "id": ""
      },
      "default_value": "",
      "placeholder": "",
      "prepend": "",
      "append": "",
      "maxlength": ""
    },
    {
      "key": "field_option4629_3",
      "label": "accesso civico",
      "name": "option4629",
      "type": "text",
      "instructions": "",
      "required": 0,
      "conditional_logic": 0,
      "wrapper": {
        "width": "",
        "class": "",
        "id": ""
      },
      "default_value": "",
      "placeholder": "",
      "prepend": "",
      "append": "",
      "maxlength": ""
    },
    {
      "key": "field_option4630_4",
      "label": "accesso civico generalizzato",
      "name": "option4630",
      "type": "text",
      "instructions": "",
      "required": 0,
      "conditional_logic": 0,
      "wrapper": {
        "width": "",
        "class": "",
        "id": ""
      },
      "default_value": "",
      "placeholder": "",
      "prepend": "",
      "append": "",
      "maxlength": ""
    },
    {
      "key": "field_oggetto_5",
      "label": "oggetto",
      "name": "oggetto",
      "type": "textarea",
      "instructions": "",
      "required": 0,
      "conditional_logic": 0,
      "wrapper": {
        "width": "",
        "class": "",
        "id": ""
      },
      "default_value": "",
      "placeholder": "",
      "prepend": "",
      "append": "",
      "maxlength": ""
    },
    {
      "key": "field_data_della_richiesta_6",
      "label": "data della richiesta",
      "name": "data_della_richiesta",
      "type": "text",
      "instructions": "",
      "required": 0,
      "conditional_logic": 0,
      "wrapper": {
        "width": "",
        "class": "",
        "id": ""
      },
      "default_value": "",
      "placeholder": "",
      "prepend": "",
      "append": "",
      "maxlength": ""
    },
    {
      "key": "field_Esito_7",
      "label": "Esito",
      "name": "Esito",
      "type": "select",
      "instructions": "",
      "required": 0,
      "conditional_logic": 0,
      "wrapper": {
        "width": "",
        "class": "",
        "id": ""
      },
      "default_value": "",
      "placeholder": "",
      "prepend": "",
      "append": "",
      "maxlength": ""
    },
    {
      "key": "field_option5646_8",
      "label": "",
      "name": "option5646",
      "type": "text",
      "instructions": "",
      "required": 0,
      "conditional_logic": 0,
      "wrapper": {
        "width": "",
        "class": "",
        "id": ""
      },
      "default_value": "",
      "placeholder": "",
      "prepend": "",
      "append": "",
      "maxlength": ""
    },
    {
      "key": "field_option6825_9",
      "label": "accoglimento",
      "name": "option6825",
      "type": "text",
      "instructions": "",
      "required": 0,
      "conditional_logic": 0,
      "wrapper": {
        "width": "",
        "class": "",
        "id": ""
      },
      "default_value": "",
      "placeholder": "",
      "prepend": "",
      "append": "",
      "maxlength": ""
    },
    {
      "key": "field_option6826_10",
      "label": "diniego",
      "name": "option6826",
      "type": "text",
      "instructions": "",
      "required": 0,
      "conditional_logic": 0,
      "wrapper": {
        "width": "",
        "class": "",
        "id": ""
      },
      "default_value": "",
      "placeholder": "",
      "prepend": "",
      "append": "",
      "maxlength": ""
    },
    {
      "key": "field_option6827_11",
      "label": "differimento",
      "name": "option6827",
      "type": "text",
      "instructions": "",
      "required": 0,
      "conditional_logic": 0,
      "wrapper": {
        "width": "",
        "class": "",
        "id": ""
      },
      "default_value": "",
      "placeholder": "",
      "prepend": "",
      "append": "",
      "maxlength": ""
    },
    {
      "key": "field_option6828_12",
      "label": "limitazione",
      "name": "option6828",
      "type": "text",
      "instructions": "",
      "required": 0,
      "conditional_logic": 0,
      "wrapper": {
        "width": "",
        "class": "",
        "id": ""
      },
      "default_value": "",
      "placeholder": "",
      "prepend": "",
      "append": "",
      "maxlength": ""
    },
    {
      "key": "field_data_della_decisione_13",
      "label": "data della decisione",
      "name": "data_della_decisione",
      "type": "text",
      "instructions": "",
      "required": 0,
      "conditional_logic": 0,
      "wrapper": {
        "width": "",
        "class": "",
        "id": ""
      },
      "default_value": "",
      "placeholder": "",
      "prepend": "",
      "append": "",
      "maxlength": ""
    }
  ],
  "location": [
    [
      {
        "param": "post_type",
        "operator": "==",
        "value": "1722811"
      }
    ]
  ],
  "menu_order": 0,
  "position": "normal",
  "style": "default",
  "label_placement": "top",
  "instruction_placement": "label",
  "hide_on_screen": [],
  "active": true,
  "description": "\u003C?xml version=\u00271.0\u0027 encoding=\u0027UTF-8\u0027?\u003E\u003Croot available-locales=\u0022it_IT\u0022 default-locale=\u0022it_IT\u0022\u003E\u003CDescription language-id=\u0022it_IT\u0022\u003ERegistro degli accessi (accesso civico)\u003C/Description\u003E\u003C/root\u003E"
}