{
  "key": "group_77350",
  "title": "Graduatorie - Custom Fields",
  "fields": [
    {
      "key": "field_Lista_1_0",
      "label": "Lista 1",
      "name": "Lista_1",
      "type": "text",
      "instructions": "",
      "required": 0,
      "conditional_logic": 0,
      "wrapper": {
        "width": "",
        "class": "",
        "id": ""
      },
      "default_value": "",
      "placeholder": "",
      "prepend": "",
      "append": "",
      "maxlength": ""
    },
    {
      "key": "field_Definizione_ai_sensi_del_D_M__471_99_1",
      "label": "Definizione ai sensi del D.M. 471/99",
      "name": "Definizione_ai_sensi_del_D_M__471_99",
      "type": "text",
      "instructions": "",
      "required": 0,
      "conditional_logic": 0,
      "wrapper": {
        "width": "",
        "class": "",
        "id": ""
      },
      "default_value": "",
      "placeholder": "",
      "prepend": "",
      "append": "",
      "maxlength": ""
    },
    {
      "key": "field_Definizione_ai_sensi_del_D_Lgs__152_06_2",
      "label": "Definizione ai sensi del D.Lgs. 152/06",
      "name": "Definizione_ai_sensi_del_D_Lgs__152_06",
      "type": "text",
      "instructions": "",
      "required": 0,
      "conditional_logic": 0,
      "wrapper": {
        "width": "",
        "class": "",
        "id": ""
      },
      "default_value": "",
      "placeholder": "",
      "prepend": "",
      "append": "",
      "maxlength": ""
    }
  ],
  "location": [
    [
      {
        "param": "post_type",
        "operator": "==",
        "value": "77350"
      }
    ]
  ],
  "menu_order": 0,
  "position": "normal",
  "style": "default",
  "label_placement": "top",
  "instruction_placement": "label",
  "hide_on_screen": [],
  "active": true,
  "description": ""
}