{
  "key": "group_1970671",
  "title": "Revisori dei conti - Custom Fields",
  "fields": [
    {
      "key": "field_Casella_di_Testo1669_0",
      "label": "Cognome e nome",
      "name": "Casella_di_Testo1669",
      "type": "textarea",
      "instructions": "",
      "required": 0,
      "conditional_logic": 0,
      "wrapper": {
        "width": "",
        "class": "",
        "id": ""
      },
      "default_value": "",
      "placeholder": "",
      "prepend": "",
      "append": "",
      "maxlength": ""
    },
    {
      "key": "field_Atto_di_conferimento_incarico_1",
      "label": "Atto di conferimento incarico",
      "name": "Atto_di_conferimento_incarico",
      "type": "text",
      "instructions": "",
      "required": 0,
      "conditional_logic": 0,
      "wrapper": {
        "width": "",
        "class": "",
        "id": ""
      },
      "default_value": "",
      "placeholder": "",
      "prepend": "",
      "append": "",
      "maxlength": ""
    },
    {
      "key": "field_Curriculum_2",
      "label": "Curriculum",
      "name": "Curriculum",
      "type": "text",
      "instructions": "",
      "required": 0,
      "conditional_logic": 0,
      "wrapper": {
        "width": "",
        "class": "",
        "id": ""
      },
      "default_value": "",
      "placeholder": "",
      "prepend": "",
      "append": "",
      "maxlength": ""
    },
    {
      "key": "field_Dati_relativi_allo_svolgimento_di_incarichi____3",
      "label": "Dati relativi allo svolgimento di incarichi...",
      "name": "Dati_relativi_allo_svolgimento_di_incarichi___",
      "type": "text",
      "instructions": "",
      "required": 0,
      "conditional_logic": 0,
      "wrapper": {
        "width": "",
        "class": "",
        "id": ""
      },
      "default_value": "",
      "placeholder": "",
      "prepend": "",
      "append": "",
      "maxlength": ""
    },
    {
      "key": "field_Compensi_relativi_al_rapporto_di_lavoro_4",
      "label": "Compensi relativi al rapporto di lavoro",
      "name": "Compensi_relativi_al_rapporto_di_lavoro",
      "type": "text",
      "instructions": "",
      "required": 0,
      "conditional_logic": 0,
      "wrapper": {
        "width": "",
        "class": "",
        "id": ""
      },
      "default_value": "",
      "placeholder": "",
      "prepend": "",
      "append": "",
      "maxlength": ""
    }
  ],
  "location": [
    [
      {
        "param": "post_type",
        "operator": "==",
        "value": "1970671"
      }
    ]
  ],
  "menu_order": 0,
  "position": "normal",
  "style": "default",
  "label_placement": "top",
  "instruction_placement": "label",
  "hide_on_screen": [],
  "active": true,
  "description": ""
}