[
  {
    "key": "79917_post_type",
    "title": "Ipotesi B1s",
    "menu_order": 0,
    "active": true,
    "post_type": "79917",
    "advanced_configuration": true,
    "import_source": "",
    "import_date": "",
    "labels": {
      "name": "Ipotesi B1s",
      "singular_name": "Ipotesi B1",
      "menu_name": "Ipotesi B1s",
      "all_items": "Tutti/e gli/le Ipotesi B1s",
      "edit_item": "Modifica Ipotesi B1",
      "view_item": "Visualizza Ipotesi B1",
      "view_items": "Visualizza Ipotesi B1s",
      "add_new_item": "Aggiungi nuovo/a Ipotesi B1",
      "add_new": "Aggiungi nuovo/a Ipotesi B1",
      "new_item": "Nuovo/a Ipotesi B1",
      "parent_item_colon": "Ipotesi B1 genitore:",
      "search_items": "Cerca Ipotesi B1s",
      "not_found": "Non abbiamo trovato ipotesi b1s",
      "not_found_in_trash": "Non ci sono ipotesi b1s nel cestino",
      "archives": "Archivi Ipotesi B1s",
      "attributes": "Attributi Ipotesi B1",
      "featured_image": "",
      "set_featured_image": "",
      "remove_featured_image": "",
      "use_featured_image": "",
      "insert_into_item": "Inserisci in ipotesi b1",
      "uploaded_to_this_item": "Caricato in questo/a ipotesi b1",
      "filter_items_list": "Filtrare l'elenco di ipotesi b1s",
      "filter_by_date": "Filtra ipotesi b1s per data",
      "items_list_navigation": "Navigazione elenco Ipotesi B1s",
      "items_list": "Elenco Ipotesi B1s",
      "item_published": "Ipotesi B1 pubblicato/a.",
      "item_published_privately": "Ipotesi B1 pubblicato/a privatamente.",
      "item_reverted_to_draft": "Ipotesi B1 riconvertito/a in bozza.",
      "item_scheduled": "Ipotesi B1 programmato/a.",
      "item_updated": "Ipotesi B1 aggiornato/a.",
      "item_link": "Link Ipotesi B1",
      "item_link_description": "Un link a un/a ipotesi b1."
    },
    "description": "",
    "public": true,
    "hierarchical": false,
    "exclude_from_search": false,
    "publicly_queryable": true,
    "show_ui": true,
    "show_in_menu": true,
    "admin_menu_parent": "cmn_other",
    "show_in_admin_bar": true,
    "show_in_nav_menus": true,
    "show_in_rest": true,
    "rest_base": "",
    "rest_namespace": "wp/v2",
    "rest_controller_class": "WP_REST_Posts_Controller",
    "menu_position": "",
    "menu_icon": "",
    "rename_capabilities": false,
    "singular_capability_name": "post",
    "plural_capability_name": "posts",
    "supports": [
      "title",
      "thumbnail",
      "custom-fields"
    ],
    "taxonomies": [
      "79917_category"
    ],
    "has_archive": false,
    "has_archive_slug": "",
    "rewrite": {
      "permalink_rewrite": "post_type_key",
      "with_front": "1",
      "feeds": "0",
      "pages": "1"
    },
    "query_var": "post_type_key",
    "query_var_name": "",
    "can_export": true,
    "delete_with_user": false,
    "register_meta_box_cb": "",
    "enter_title_here": ""
  }
]