[
  {
    "key": "contacts_post_type",
    "title": "Contactss",
    "menu_order": 0,
    "active": true,
    "post_type": "contacts",
    "advanced_configuration": true,
    "import_source": "",
    "import_date": "",
    "labels": {
      "name": "Contactss",
      "singular_name": "Contacts",
      "menu_name": "Contactss",
      "all_items": "Tutti/e gli/le Contactss",
      "edit_item": "Modifica Contacts",
      "view_item": "Visualizza Contacts",
      "view_items": "Visualizza Contactss",
      "add_new_item": "Aggiungi nuovo/a Contacts",
      "add_new": "Aggiungi nuovo/a Contacts",
      "new_item": "Nuovo/a Contacts",
      "parent_item_colon": "Contacts genitore:",
      "search_items": "Cerca Contactss",
      "not_found": "Non abbiamo trovato contactss",
      "not_found_in_trash": "Non ci sono contactss nel cestino",
      "archives": "Archivi Contactss",
      "attributes": "Attributi Contacts",
      "featured_image": "",
      "set_featured_image": "",
      "remove_featured_image": "",
      "use_featured_image": "",
      "insert_into_item": "Inserisci in contacts",
      "uploaded_to_this_item": "Caricato in questo/a contacts",
      "filter_items_list": "Filtrare l'elenco di contactss",
      "filter_by_date": "Filtra contactss per data",
      "items_list_navigation": "Navigazione elenco Contactss",
      "items_list": "Elenco Contactss",
      "item_published": "Contacts pubblicato/a.",
      "item_published_privately": "Contacts pubblicato/a privatamente.",
      "item_reverted_to_draft": "Contacts riconvertito/a in bozza.",
      "item_scheduled": "Contacts programmato/a.",
      "item_updated": "Contacts aggiornato/a.",
      "item_link": "Link Contacts",
      "item_link_description": "Un link a un/a contacts."
    },
    "description": "<?xml version='1.0' encoding='UTF-8'?><root available-locales=\"en_US\" default-locale=\"en_US\"><Description language-id=\"en_US\">Contacts</Description></root>",
    "public": true,
    "hierarchical": false,
    "exclude_from_search": false,
    "publicly_queryable": true,
    "show_ui": true,
    "show_in_menu": true,
    "admin_menu_parent": "cmn_other",
    "show_in_admin_bar": true,
    "show_in_nav_menus": true,
    "show_in_rest": true,
    "rest_base": "",
    "rest_namespace": "wp/v2",
    "rest_controller_class": "WP_REST_Posts_Controller",
    "menu_position": "",
    "menu_icon": "",
    "rename_capabilities": false,
    "singular_capability_name": "post",
    "plural_capability_name": "posts",
    "supports": [
      "title",
      "thumbnail",
      "custom-fields"
    ],
    "taxonomies": [
      "contacts_category"
    ],
    "has_archive": false,
    "has_archive_slug": "",
    "rewrite": {
      "permalink_rewrite": "post_type_key",
      "with_front": "1",
      "feeds": "0",
      "pages": "1"
    },
    "query_var": "post_type_key",
    "query_var_name": "",
    "can_export": true,
    "delete_with_user": false,
    "register_meta_box_cb": "",
    "enter_title_here": ""
  }
]