[
  {
    "key": "139310_post_type",
    "title": "Interventi straordinari e di emergenza ai sensi dell\\'art.42s",
    "menu_order": 0,
    "active": true,
    "post_type": "139310",
    "advanced_configuration": true,
    "import_source": "",
    "import_date": "",
    "labels": {
      "name": "Interventi straordinari e di emergenza ai sensi dell\\'art.42s",
      "singular_name": "Interventi straordinari e di emergenza ai sensi dell\\'art.42",
      "menu_name": "Interventi straordinari e di emergenza ai sensi dell\\'art.42s",
      "all_items": "Tutti/e gli/le Interventi straordinari e di emergenza ai sensi dell\\'art.42s",
      "edit_item": "Modifica Interventi straordinari e di emergenza ai sensi dell\\'art.42",
      "view_item": "Visualizza Interventi straordinari e di emergenza ai sensi dell\\'art.42",
      "view_items": "Visualizza Interventi straordinari e di emergenza ai sensi dell\\'art.42s",
      "add_new_item": "Aggiungi nuovo/a Interventi straordinari e di emergenza ai sensi dell\\'art.42",
      "add_new": "Aggiungi nuovo/a Interventi straordinari e di emergenza ai sensi dell\\'art.42",
      "new_item": "Nuovo/a Interventi straordinari e di emergenza ai sensi dell\\'art.42",
      "parent_item_colon": "Interventi straordinari e di emergenza ai sensi dell\\'art.42 genitore:",
      "search_items": "Cerca Interventi straordinari e di emergenza ai sensi dell\\'art.42s",
      "not_found": "Non abbiamo trovato interventi straordinari e di emergenza ai sensi dell\\'art.42s",
      "not_found_in_trash": "Non ci sono interventi straordinari e di emergenza ai sensi dell\\'art.42s nel cestino",
      "archives": "Archivi Interventi straordinari e di emergenza ai sensi dell\\'art.42s",
      "attributes": "Attributi Interventi straordinari e di emergenza ai sensi dell\\'art.42",
      "featured_image": "",
      "set_featured_image": "",
      "remove_featured_image": "",
      "use_featured_image": "",
      "insert_into_item": "Inserisci in interventi straordinari e di emergenza ai sensi dell\\'art.42",
      "uploaded_to_this_item": "Caricato in questo/a interventi straordinari e di emergenza ai sensi dell\\'art.42",
      "filter_items_list": "Filtrare l'elenco di interventi straordinari e di emergenza ai sensi dell\\'art.42s",
      "filter_by_date": "Filtra interventi straordinari e di emergenza ai sensi dell\\'art.42s per data",
      "items_list_navigation": "Navigazione elenco Interventi straordinari e di emergenza ai sensi dell\\'art.42s",
      "items_list": "Elenco Interventi straordinari e di emergenza ai sensi dell\\'art.42s",
      "item_published": "Interventi straordinari e di emergenza ai sensi dell\\'art.42 pubblicato/a.",
      "item_published_privately": "Interventi straordinari e di emergenza ai sensi dell\\'art.42 pubblicato/a privatamente.",
      "item_reverted_to_draft": "Interventi straordinari e di emergenza ai sensi dell\\'art.42 riconvertito/a in bozza.",
      "item_scheduled": "Interventi straordinari e di emergenza ai sensi dell\\'art.42 programmato/a.",
      "item_updated": "Interventi straordinari e di emergenza ai sensi dell\\'art.42 aggiornato/a.",
      "item_link": "Link Interventi straordinari e di emergenza ai sensi dell\\'art.42",
      "item_link_description": "Un link a un/a interventi straordinari e di emergenza ai sensi dell\\'art.42."
    },
    "description": "",
    "public": true,
    "hierarchical": false,
    "exclude_from_search": false,
    "publicly_queryable": true,
    "show_ui": true,
    "show_in_menu": true,
    "admin_menu_parent": "cmn_other",
    "show_in_admin_bar": true,
    "show_in_nav_menus": true,
    "show_in_rest": true,
    "rest_base": "",
    "rest_namespace": "wp/v2",
    "rest_controller_class": "WP_REST_Posts_Controller",
    "menu_position": "",
    "menu_icon": "",
    "rename_capabilities": false,
    "singular_capability_name": "post",
    "plural_capability_name": "posts",
    "supports": [
      "title",
      "thumbnail",
      "custom-fields"
    ],
    "taxonomies": [
      "139310_category"
    ],
    "has_archive": false,
    "has_archive_slug": "",
    "rewrite": {
      "permalink_rewrite": "post_type_key",
      "with_front": "1",
      "feeds": "0",
      "pages": "1"
    },
    "query_var": "post_type_key",
    "query_var_name": "",
    "can_export": true,
    "delete_with_user": false,
    "register_meta_box_cb": "",
    "enter_title_here": ""
  }
]