[
  {
    "key": "1656527_post_type",
    "title": "dirigenti (foia)s",
    "menu_order": 0,
    "active": true,
    "post_type": "1656527",
    "advanced_configuration": true,
    "import_source": "",
    "import_date": "",
    "labels": {
      "name": "dirigenti (foia)s",
      "singular_name": "dirigenti (foia)",
      "menu_name": "dirigenti (foia)s",
      "all_items": "Tutti/e gli/le dirigenti (foia)s",
      "edit_item": "Modifica dirigenti (foia)",
      "view_item": "Visualizza dirigenti (foia)",
      "view_items": "Visualizza dirigenti (foia)s",
      "add_new_item": "Aggiungi nuovo/a dirigenti (foia)",
      "add_new": "Aggiungi nuovo/a dirigenti (foia)",
      "new_item": "Nuovo/a dirigenti (foia)",
      "parent_item_colon": "dirigenti (foia) genitore:",
      "search_items": "Cerca dirigenti (foia)s",
      "not_found": "Non abbiamo trovato dirigenti (foia)s",
      "not_found_in_trash": "Non ci sono dirigenti (foia)s nel cestino",
      "archives": "Archivi dirigenti (foia)s",
      "attributes": "Attributi dirigenti (foia)",
      "featured_image": "",
      "set_featured_image": "",
      "remove_featured_image": "",
      "use_featured_image": "",
      "insert_into_item": "Inserisci in dirigenti (foia)",
      "uploaded_to_this_item": "Caricato in questo/a dirigenti (foia)",
      "filter_items_list": "Filtrare l'elenco di dirigenti (foia)s",
      "filter_by_date": "Filtra dirigenti (foia)s per data",
      "items_list_navigation": "Navigazione elenco dirigenti (foia)s",
      "items_list": "Elenco dirigenti (foia)s",
      "item_published": "dirigenti (foia) pubblicato/a.",
      "item_published_privately": "dirigenti (foia) pubblicato/a privatamente.",
      "item_reverted_to_draft": "dirigenti (foia) riconvertito/a in bozza.",
      "item_scheduled": "dirigenti (foia) programmato/a.",
      "item_updated": "dirigenti (foia) aggiornato/a.",
      "item_link": "Link dirigenti (foia)",
      "item_link_description": "Un link a un/a dirigenti (foia)."
    },
    "description": "",
    "public": true,
    "hierarchical": false,
    "exclude_from_search": false,
    "publicly_queryable": true,
    "show_ui": true,
    "show_in_menu": true,
    "admin_menu_parent": "cmn_web_content",
    "show_in_admin_bar": true,
    "show_in_nav_menus": true,
    "show_in_rest": true,
    "rest_base": "",
    "rest_namespace": "wp/v2",
    "rest_controller_class": "WP_REST_Posts_Controller",
    "menu_position": "",
    "menu_icon": "",
    "rename_capabilities": false,
    "singular_capability_name": "post",
    "plural_capability_name": "posts",
    "supports": [
      "title",
      "thumbnail",
      "custom-fields"
    ],
    "taxonomies": [
      "1656527_category"
    ],
    "has_archive": false,
    "has_archive_slug": "",
    "rewrite": {
      "permalink_rewrite": "post_type_key",
      "with_front": "1",
      "feeds": "0",
      "pages": "1"
    },
    "query_var": "post_type_key",
    "query_var_name": "",
    "can_export": true,
    "delete_with_user": false,
    "register_meta_box_cb": "",
    "enter_title_here": ""
  }
]