[
  {
    "key": "1971713_post_type",
    "title": "Email_Istituzionalis",
    "menu_order": 0,
    "active": true,
    "post_type": "1971713",
    "advanced_configuration": true,
    "import_source": "",
    "import_date": "",
    "labels": {
      "name": "Email_Istituzionalis",
      "singular_name": "Email_Istituzionali",
      "menu_name": "Email_Istituzionalis",
      "all_items": "Tutti/e gli/le Email_Istituzionalis",
      "edit_item": "Modifica Email_Istituzionali",
      "view_item": "Visualizza Email_Istituzionali",
      "view_items": "Visualizza Email_Istituzionalis",
      "add_new_item": "Aggiungi nuovo/a Email_Istituzionali",
      "add_new": "Aggiungi nuovo/a Email_Istituzionali",
      "new_item": "Nuovo/a Email_Istituzionali",
      "parent_item_colon": "Email_Istituzionali genitore:",
      "search_items": "Cerca Email_Istituzionalis",
      "not_found": "Non abbiamo trovato email_istituzionalis",
      "not_found_in_trash": "Non ci sono email_istituzionalis nel cestino",
      "archives": "Archivi Email_Istituzionalis",
      "attributes": "Attributi Email_Istituzionali",
      "featured_image": "",
      "set_featured_image": "",
      "remove_featured_image": "",
      "use_featured_image": "",
      "insert_into_item": "Inserisci in email_istituzionali",
      "uploaded_to_this_item": "Caricato in questo/a email_istituzionali",
      "filter_items_list": "Filtrare l'elenco di email_istituzionalis",
      "filter_by_date": "Filtra email_istituzionalis per data",
      "items_list_navigation": "Navigazione elenco Email_Istituzionalis",
      "items_list": "Elenco Email_Istituzionalis",
      "item_published": "Email_Istituzionali pubblicato/a.",
      "item_published_privately": "Email_Istituzionali pubblicato/a privatamente.",
      "item_reverted_to_draft": "Email_Istituzionali riconvertito/a in bozza.",
      "item_scheduled": "Email_Istituzionali programmato/a.",
      "item_updated": "Email_Istituzionali aggiornato/a.",
      "item_link": "Link Email_Istituzionali",
      "item_link_description": "Un link a un/a email_istituzionali."
    },
    "description": "<?xml version='1.0' encoding='UTF-8'?><root available-locales=\"it_IT\" default-locale=\"it_IT\"><Description language-id=\"it_IT\">Struttura per Contenuti web per il servizio Email_Istituzionali</Description></root>",
    "public": true,
    "hierarchical": false,
    "exclude_from_search": false,
    "publicly_queryable": true,
    "show_ui": true,
    "show_in_menu": true,
    "admin_menu_parent": "cmn_web_content",
    "show_in_admin_bar": true,
    "show_in_nav_menus": true,
    "show_in_rest": true,
    "rest_base": "",
    "rest_namespace": "wp/v2",
    "rest_controller_class": "WP_REST_Posts_Controller",
    "menu_position": "",
    "menu_icon": "",
    "rename_capabilities": false,
    "singular_capability_name": "post",
    "plural_capability_name": "posts",
    "supports": [
      "title",
      "thumbnail",
      "custom-fields"
    ],
    "taxonomies": [
      "1971713_category"
    ],
    "has_archive": false,
    "has_archive_slug": "",
    "rewrite": {
      "permalink_rewrite": "post_type_key",
      "with_front": "1",
      "feeds": "0",
      "pages": "1"
    },
    "query_var": "post_type_key",
    "query_var_name": "",
    "can_export": true,
    "delete_with_user": false,
    "register_meta_box_cb": "",
    "enter_title_here": ""
  }
]