[
  {
    "key": "1243107_post_type",
    "title": "StrutturaConsiglioMetropolitani",
    "menu_order": 0,
    "active": true,
    "post_type": "1243107",
    "advanced_configuration": true,
    "import_source": "",
    "import_date": "",
    "labels": {
      "name": "StrutturaConsiglioMetropolitani",
      "singular_name": "StrutturaConsiglioMetropolitano",
      "menu_name": "StrutturaConsiglioMetropolitani",
      "all_items": "Tutti/e gli/le StrutturaConsiglioMetropolitani",
      "edit_item": "Modifica StrutturaConsiglioMetropolitano",
      "view_item": "Visualizza StrutturaConsiglioMetropolitano",
      "view_items": "Visualizza StrutturaConsiglioMetropolitani",
      "add_new_item": "Aggiungi nuovo/a StrutturaConsiglioMetropolitano",
      "add_new": "Aggiungi nuovo/a StrutturaConsiglioMetropolitano",
      "new_item": "Nuovo/a StrutturaConsiglioMetropolitano",
      "parent_item_colon": "StrutturaConsiglioMetropolitano genitore:",
      "search_items": "Cerca StrutturaConsiglioMetropolitani",
      "not_found": "Non abbiamo trovato strutturaconsigliometropolitani",
      "not_found_in_trash": "Non ci sono strutturaconsigliometropolitani nel cestino",
      "archives": "Archivi StrutturaConsiglioMetropolitani",
      "attributes": "Attributi StrutturaConsiglioMetropolitano",
      "featured_image": "",
      "set_featured_image": "",
      "remove_featured_image": "",
      "use_featured_image": "",
      "insert_into_item": "Inserisci in strutturaconsigliometropolitano",
      "uploaded_to_this_item": "Caricato in questo/a strutturaconsigliometropolitano",
      "filter_items_list": "Filtrare l'elenco di strutturaconsigliometropolitani",
      "filter_by_date": "Filtra strutturaconsigliometropolitani per data",
      "items_list_navigation": "Navigazione elenco StrutturaConsiglioMetropolitani",
      "items_list": "Elenco StrutturaConsiglioMetropolitani",
      "item_published": "StrutturaConsiglioMetropolitano pubblicato/a.",
      "item_published_privately": "StrutturaConsiglioMetropolitano pubblicato/a privatamente.",
      "item_reverted_to_draft": "StrutturaConsiglioMetropolitano riconvertito/a in bozza.",
      "item_scheduled": "StrutturaConsiglioMetropolitano programmato/a.",
      "item_updated": "StrutturaConsiglioMetropolitano aggiornato/a.",
      "item_link": "Link StrutturaConsiglioMetropolitano",
      "item_link_description": "Un link a un/a strutturaconsigliometropolitano."
    },
    "description": "",
    "public": true,
    "hierarchical": false,
    "exclude_from_search": false,
    "publicly_queryable": true,
    "show_ui": true,
    "show_in_menu": true,
    "admin_menu_parent": "cmn_web_content",
    "show_in_admin_bar": true,
    "show_in_nav_menus": true,
    "show_in_rest": true,
    "rest_base": "",
    "rest_namespace": "wp/v2",
    "rest_controller_class": "WP_REST_Posts_Controller",
    "menu_position": "",
    "menu_icon": "",
    "rename_capabilities": false,
    "singular_capability_name": "post",
    "plural_capability_name": "posts",
    "supports": [
      "title",
      "thumbnail",
      "custom-fields"
    ],
    "taxonomies": [
      "1243107_category"
    ],
    "has_archive": false,
    "has_archive_slug": "",
    "rewrite": {
      "permalink_rewrite": "post_type_key",
      "with_front": "1",
      "feeds": "0",
      "pages": "1"
    },
    "query_var": "post_type_key",
    "query_var_name": "",
    "can_export": true,
    "delete_with_user": false,
    "register_meta_box_cb": "",
    "enter_title_here": ""
  }
]