[
  {
    "key": "5563458_post_type",
    "title": "Attività AGIDs",
    "menu_order": 0,
    "active": true,
    "post_type": "5563458",
    "advanced_configuration": true,
    "import_source": "",
    "import_date": "",
    "labels": {
      "name": "Attività AGIDs",
      "singular_name": "Attività AGID",
      "menu_name": "Attività AGIDs",
      "all_items": "Tutti/e gli/le Attività AGIDs",
      "edit_item": "Modifica Attività AGID",
      "view_item": "Visualizza Attività AGID",
      "view_items": "Visualizza Attività AGIDs",
      "add_new_item": "Aggiungi nuovo/a Attività AGID",
      "add_new": "Aggiungi nuovo/a Attività AGID",
      "new_item": "Nuovo/a Attività AGID",
      "parent_item_colon": "Attività AGID genitore:",
      "search_items": "Cerca Attività AGIDs",
      "not_found": "Non abbiamo trovato attività agids",
      "not_found_in_trash": "Non ci sono attività agids nel cestino",
      "archives": "Archivi Attività AGIDs",
      "attributes": "Attributi Attività AGID",
      "featured_image": "",
      "set_featured_image": "",
      "remove_featured_image": "",
      "use_featured_image": "",
      "insert_into_item": "Inserisci in attività agid",
      "uploaded_to_this_item": "Caricato in questo/a attività agid",
      "filter_items_list": "Filtrare l'elenco di attività agids",
      "filter_by_date": "Filtra attività agids per data",
      "items_list_navigation": "Navigazione elenco Attività AGIDs",
      "items_list": "Elenco Attività AGIDs",
      "item_published": "Attività AGID pubblicato/a.",
      "item_published_privately": "Attività AGID pubblicato/a privatamente.",
      "item_reverted_to_draft": "Attività AGID riconvertito/a in bozza.",
      "item_scheduled": "Attività AGID programmato/a.",
      "item_updated": "Attività AGID aggiornato/a.",
      "item_link": "Link Attività AGID",
      "item_link_description": "Un link a un/a attività agid."
    },
    "description": "",
    "public": true,
    "hierarchical": false,
    "exclude_from_search": false,
    "publicly_queryable": true,
    "show_ui": true,
    "show_in_menu": true,
    "admin_menu_parent": "cmn_other",
    "show_in_admin_bar": true,
    "show_in_nav_menus": true,
    "show_in_rest": true,
    "rest_base": "",
    "rest_namespace": "wp/v2",
    "rest_controller_class": "WP_REST_Posts_Controller",
    "menu_position": "",
    "menu_icon": "",
    "rename_capabilities": false,
    "singular_capability_name": "post",
    "plural_capability_name": "posts",
    "supports": [
      "title",
      "thumbnail",
      "custom-fields"
    ],
    "taxonomies": [
      "5563458_category"
    ],
    "has_archive": false,
    "has_archive_slug": "",
    "rewrite": {
      "permalink_rewrite": "post_type_key",
      "with_front": "1",
      "feeds": "0",
      "pages": "1"
    },
    "query_var": "post_type_key",
    "query_var_name": "",
    "can_export": true,
    "delete_with_user": false,
    "register_meta_box_cb": "",
    "enter_title_here": ""
  }
]