[
  {
    "key": "14714559_post_type",
    "title": "CARD_AGIDs",
    "menu_order": 0,
    "active": true,
    "post_type": "14714559",
    "advanced_configuration": true,
    "import_source": "",
    "import_date": "",
    "labels": {
      "name": "CARD_AGIDs",
      "singular_name": "CARD_AGID",
      "menu_name": "CARD_AGIDs",
      "all_items": "Tutti/e gli/le CARD_AGIDs",
      "edit_item": "Modifica CARD_AGID",
      "view_item": "Visualizza CARD_AGID",
      "view_items": "Visualizza CARD_AGIDs",
      "add_new_item": "Aggiungi nuovo/a CARD_AGID",
      "add_new": "Aggiungi nuovo/a CARD_AGID",
      "new_item": "Nuovo/a CARD_AGID",
      "parent_item_colon": "CARD_AGID genitore:",
      "search_items": "Cerca CARD_AGIDs",
      "not_found": "Non abbiamo trovato card_agids",
      "not_found_in_trash": "Non ci sono card_agids nel cestino",
      "archives": "Archivi CARD_AGIDs",
      "attributes": "Attributi CARD_AGID",
      "featured_image": "",
      "set_featured_image": "",
      "remove_featured_image": "",
      "use_featured_image": "",
      "insert_into_item": "Inserisci in card_agid",
      "uploaded_to_this_item": "Caricato in questo/a card_agid",
      "filter_items_list": "Filtrare l'elenco di card_agids",
      "filter_by_date": "Filtra card_agids per data",
      "items_list_navigation": "Navigazione elenco CARD_AGIDs",
      "items_list": "Elenco CARD_AGIDs",
      "item_published": "CARD_AGID pubblicato/a.",
      "item_published_privately": "CARD_AGID pubblicato/a privatamente.",
      "item_reverted_to_draft": "CARD_AGID riconvertito/a in bozza.",
      "item_scheduled": "CARD_AGID programmato/a.",
      "item_updated": "CARD_AGID aggiornato/a.",
      "item_link": "Link CARD_AGID",
      "item_link_description": "Un link a un/a card_agid."
    },
    "description": "",
    "public": true,
    "hierarchical": false,
    "exclude_from_search": false,
    "publicly_queryable": true,
    "show_ui": true,
    "show_in_menu": true,
    "admin_menu_parent": "cmn_web_content",
    "show_in_admin_bar": true,
    "show_in_nav_menus": true,
    "show_in_rest": true,
    "rest_base": "",
    "rest_namespace": "wp/v2",
    "rest_controller_class": "WP_REST_Posts_Controller",
    "menu_position": "",
    "menu_icon": "",
    "rename_capabilities": false,
    "singular_capability_name": "post",
    "plural_capability_name": "posts",
    "supports": [
      "title",
      "thumbnail",
      "custom-fields"
    ],
    "taxonomies": [
      "14714559_category"
    ],
    "has_archive": false,
    "has_archive_slug": "",
    "rewrite": {
      "permalink_rewrite": "post_type_key",
      "with_front": "1",
      "feeds": "0",
      "pages": "1"
    },
    "query_var": "post_type_key",
    "query_var_name": "",
    "can_export": true,
    "delete_with_user": false,
    "register_meta_box_cb": "",
    "enter_title_here": ""
  }
]