[
  {
    "key": "1338406_post_type",
    "title": "TipologiaProve",
    "menu_order": 0,
    "active": true,
    "post_type": "1338406",
    "advanced_configuration": true,
    "import_source": "",
    "import_date": "",
    "labels": {
      "name": "TipologiaProve",
      "singular_name": "TipologiaProva",
      "menu_name": "TipologiaProve",
      "all_items": "Tutti/e gli/le TipologiaProve",
      "edit_item": "Modifica TipologiaProva",
      "view_item": "Visualizza TipologiaProva",
      "view_items": "Visualizza TipologiaProve",
      "add_new_item": "Aggiungi nuovo/a TipologiaProva",
      "add_new": "Aggiungi nuovo/a TipologiaProva",
      "new_item": "Nuovo/a TipologiaProva",
      "parent_item_colon": "TipologiaProva genitore:",
      "search_items": "Cerca TipologiaProve",
      "not_found": "Non abbiamo trovato tipologiaprove",
      "not_found_in_trash": "Non ci sono tipologiaprove nel cestino",
      "archives": "Archivi TipologiaProve",
      "attributes": "Attributi TipologiaProva",
      "featured_image": "",
      "set_featured_image": "",
      "remove_featured_image": "",
      "use_featured_image": "",
      "insert_into_item": "Inserisci in tipologiaprova",
      "uploaded_to_this_item": "Caricato in questo/a tipologiaprova",
      "filter_items_list": "Filtrare l'elenco di tipologiaprove",
      "filter_by_date": "Filtra tipologiaprove per data",
      "items_list_navigation": "Navigazione elenco TipologiaProve",
      "items_list": "Elenco TipologiaProve",
      "item_published": "TipologiaProva pubblicato/a.",
      "item_published_privately": "TipologiaProva pubblicato/a privatamente.",
      "item_reverted_to_draft": "TipologiaProva riconvertito/a in bozza.",
      "item_scheduled": "TipologiaProva programmato/a.",
      "item_updated": "TipologiaProva aggiornato/a.",
      "item_link": "Link TipologiaProva",
      "item_link_description": "Un link a un/a tipologiaprova."
    },
    "description": "",
    "public": true,
    "hierarchical": false,
    "exclude_from_search": false,
    "publicly_queryable": true,
    "show_ui": true,
    "show_in_menu": true,
    "admin_menu_parent": "cmn_other",
    "show_in_admin_bar": true,
    "show_in_nav_menus": true,
    "show_in_rest": true,
    "rest_base": "",
    "rest_namespace": "wp/v2",
    "rest_controller_class": "WP_REST_Posts_Controller",
    "menu_position": "",
    "menu_icon": "",
    "rename_capabilities": false,
    "singular_capability_name": "post",
    "plural_capability_name": "posts",
    "supports": [
      "title",
      "thumbnail",
      "custom-fields"
    ],
    "taxonomies": [
      "1338406_category"
    ],
    "has_archive": false,
    "has_archive_slug": "",
    "rewrite": {
      "permalink_rewrite": "post_type_key",
      "with_front": "1",
      "feeds": "0",
      "pages": "1"
    },
    "query_var": "post_type_key",
    "query_var_name": "",
    "can_export": true,
    "delete_with_user": false,
    "register_meta_box_cb": "",
    "enter_title_here": ""
  }
]