[
  {
    "key": "38592_post_type",
    "title": "Menu a Tendina (generico)s",
    "menu_order": 0,
    "active": true,
    "post_type": "38592",
    "advanced_configuration": true,
    "import_source": "",
    "import_date": "",
    "labels": {
      "name": "Menu a Tendina (generico)s",
      "singular_name": "Menu a Tendina (generico)",
      "menu_name": "Menu a Tendina (generico)s",
      "all_items": "Tutti/e gli/le Menu a Tendina (generico)s",
      "edit_item": "Modifica Menu a Tendina (generico)",
      "view_item": "Visualizza Menu a Tendina (generico)",
      "view_items": "Visualizza Menu a Tendina (generico)s",
      "add_new_item": "Aggiungi nuovo/a Menu a Tendina (generico)",
      "add_new": "Aggiungi nuovo/a Menu a Tendina (generico)",
      "new_item": "Nuovo/a Menu a Tendina (generico)",
      "parent_item_colon": "Menu a Tendina (generico) genitore:",
      "search_items": "Cerca Menu a Tendina (generico)s",
      "not_found": "Non abbiamo trovato menu a tendina (generico)s",
      "not_found_in_trash": "Non ci sono menu a tendina (generico)s nel cestino",
      "archives": "Archivi Menu a Tendina (generico)s",
      "attributes": "Attributi Menu a Tendina (generico)",
      "featured_image": "",
      "set_featured_image": "",
      "remove_featured_image": "",
      "use_featured_image": "",
      "insert_into_item": "Inserisci in menu a tendina (generico)",
      "uploaded_to_this_item": "Caricato in questo/a menu a tendina (generico)",
      "filter_items_list": "Filtrare l'elenco di menu a tendina (generico)s",
      "filter_by_date": "Filtra menu a tendina (generico)s per data",
      "items_list_navigation": "Navigazione elenco Menu a Tendina (generico)s",
      "items_list": "Elenco Menu a Tendina (generico)s",
      "item_published": "Menu a Tendina (generico) pubblicato/a.",
      "item_published_privately": "Menu a Tendina (generico) pubblicato/a privatamente.",
      "item_reverted_to_draft": "Menu a Tendina (generico) riconvertito/a in bozza.",
      "item_scheduled": "Menu a Tendina (generico) programmato/a.",
      "item_updated": "Menu a Tendina (generico) aggiornato/a.",
      "item_link": "Link Menu a Tendina (generico)",
      "item_link_description": "Un link a un/a menu a tendina (generico)."
    },
    "description": "",
    "public": true,
    "hierarchical": false,
    "exclude_from_search": false,
    "publicly_queryable": true,
    "show_ui": true,
    "show_in_menu": true,
    "admin_menu_parent": "cmn_web_content",
    "show_in_admin_bar": true,
    "show_in_nav_menus": true,
    "show_in_rest": true,
    "rest_base": "",
    "rest_namespace": "wp/v2",
    "rest_controller_class": "WP_REST_Posts_Controller",
    "menu_position": "",
    "menu_icon": "",
    "rename_capabilities": false,
    "singular_capability_name": "post",
    "plural_capability_name": "posts",
    "supports": [
      "title",
      "thumbnail",
      "custom-fields"
    ],
    "taxonomies": [
      "38592_category"
    ],
    "has_archive": false,
    "has_archive_slug": "",
    "rewrite": {
      "permalink_rewrite": "post_type_key",
      "with_front": "1",
      "feeds": "0",
      "pages": "1"
    },
    "query_var": "post_type_key",
    "query_var_name": "",
    "can_export": true,
    "delete_with_user": false,
    "register_meta_box_cb": "",
    "enter_title_here": ""
  }
]