[
  {
    "key": "34496_post_type",
    "title": "Modulo Generali",
    "menu_order": 0,
    "active": true,
    "post_type": "34496",
    "advanced_configuration": true,
    "import_source": "",
    "import_date": "",
    "labels": {
      "name": "Modulo Generali",
      "singular_name": "Modulo Generale",
      "menu_name": "Modulo Generali",
      "all_items": "Tutti/e gli/le Modulo Generali",
      "edit_item": "Modifica Modulo Generale",
      "view_item": "Visualizza Modulo Generale",
      "view_items": "Visualizza Modulo Generali",
      "add_new_item": "Aggiungi nuovo/a Modulo Generale",
      "add_new": "Aggiungi nuovo/a Modulo Generale",
      "new_item": "Nuovo/a Modulo Generale",
      "parent_item_colon": "Modulo Generale genitore:",
      "search_items": "Cerca Modulo Generali",
      "not_found": "Non abbiamo trovato modulo generali",
      "not_found_in_trash": "Non ci sono modulo generali nel cestino",
      "archives": "Archivi Modulo Generali",
      "attributes": "Attributi Modulo Generale",
      "featured_image": "",
      "set_featured_image": "",
      "remove_featured_image": "",
      "use_featured_image": "",
      "insert_into_item": "Inserisci in modulo generale",
      "uploaded_to_this_item": "Caricato in questo/a modulo generale",
      "filter_items_list": "Filtrare l'elenco di modulo generali",
      "filter_by_date": "Filtra modulo generali per data",
      "items_list_navigation": "Navigazione elenco Modulo Generali",
      "items_list": "Elenco Modulo Generali",
      "item_published": "Modulo Generale pubblicato/a.",
      "item_published_privately": "Modulo Generale pubblicato/a privatamente.",
      "item_reverted_to_draft": "Modulo Generale riconvertito/a in bozza.",
      "item_scheduled": "Modulo Generale programmato/a.",
      "item_updated": "Modulo Generale aggiornato/a.",
      "item_link": "Link Modulo Generale",
      "item_link_description": "Un link a un/a modulo generale."
    },
    "description": "",
    "public": true,
    "hierarchical": false,
    "exclude_from_search": false,
    "publicly_queryable": true,
    "show_ui": true,
    "show_in_menu": true,
    "admin_menu_parent": "cmn_web_content",
    "show_in_admin_bar": true,
    "show_in_nav_menus": true,
    "show_in_rest": true,
    "rest_base": "",
    "rest_namespace": "wp/v2",
    "rest_controller_class": "WP_REST_Posts_Controller",
    "menu_position": "",
    "menu_icon": "",
    "rename_capabilities": false,
    "singular_capability_name": "post",
    "plural_capability_name": "posts",
    "supports": [
      "title",
      "thumbnail",
      "custom-fields"
    ],
    "taxonomies": [
      "34496_category"
    ],
    "has_archive": false,
    "has_archive_slug": "",
    "rewrite": {
      "permalink_rewrite": "post_type_key",
      "with_front": "1",
      "feeds": "0",
      "pages": "1"
    },
    "query_var": "post_type_key",
    "query_var_name": "",
    "can_export": true,
    "delete_with_user": false,
    "register_meta_box_cb": "",
    "enter_title_here": ""
  }
]