[
  {
    "key": "events_post_type",
    "title": "Eventss",
    "menu_order": 0,
    "active": true,
    "post_type": "events",
    "advanced_configuration": true,
    "import_source": "",
    "import_date": "",
    "labels": {
      "name": "Eventss",
      "singular_name": "Events",
      "menu_name": "Eventss",
      "all_items": "Tutti/e gli/le Eventss",
      "edit_item": "Modifica Events",
      "view_item": "Visualizza Events",
      "view_items": "Visualizza Eventss",
      "add_new_item": "Aggiungi nuovo/a Events",
      "add_new": "Aggiungi nuovo/a Events",
      "new_item": "Nuovo/a Events",
      "parent_item_colon": "Events genitore:",
      "search_items": "Cerca Eventss",
      "not_found": "Non abbiamo trovato eventss",
      "not_found_in_trash": "Non ci sono eventss nel cestino",
      "archives": "Archivi Eventss",
      "attributes": "Attributi Events",
      "featured_image": "",
      "set_featured_image": "",
      "remove_featured_image": "",
      "use_featured_image": "",
      "insert_into_item": "Inserisci in events",
      "uploaded_to_this_item": "Caricato in questo/a events",
      "filter_items_list": "Filtrare l'elenco di eventss",
      "filter_by_date": "Filtra eventss per data",
      "items_list_navigation": "Navigazione elenco Eventss",
      "items_list": "Elenco Eventss",
      "item_published": "Events pubblicato/a.",
      "item_published_privately": "Events pubblicato/a privatamente.",
      "item_reverted_to_draft": "Events riconvertito/a in bozza.",
      "item_scheduled": "Events programmato/a.",
      "item_updated": "Events aggiornato/a.",
      "item_link": "Link Events",
      "item_link_description": "Un link a un/a events."
    },
    "description": "<?xml version='1.0' encoding='UTF-8'?><root available-locales=\"en_US\" default-locale=\"en_US\"><Description language-id=\"en_US\">Events</Description></root>",
    "public": true,
    "hierarchical": false,
    "exclude_from_search": false,
    "publicly_queryable": true,
    "show_ui": true,
    "show_in_menu": true,
    "admin_menu_parent": "cmn_other",
    "show_in_admin_bar": true,
    "show_in_nav_menus": true,
    "show_in_rest": true,
    "rest_base": "",
    "rest_namespace": "wp/v2",
    "rest_controller_class": "WP_REST_Posts_Controller",
    "menu_position": "",
    "menu_icon": "",
    "rename_capabilities": false,
    "singular_capability_name": "post",
    "plural_capability_name": "posts",
    "supports": [
      "title",
      "thumbnail",
      "custom-fields"
    ],
    "taxonomies": [
      "events_category"
    ],
    "has_archive": false,
    "has_archive_slug": "",
    "rewrite": {
      "permalink_rewrite": "post_type_key",
      "with_front": "1",
      "feeds": "0",
      "pages": "1"
    },
    "query_var": "post_type_key",
    "query_var_name": "",
    "can_export": true,
    "delete_with_user": false,
    "register_meta_box_cb": "",
    "enter_title_here": ""
  }
]