[
  {
    "key": "issues_tracking_post_type",
    "title": "Issues Trackings",
    "menu_order": 0,
    "active": true,
    "post_type": "issues_tracking",
    "advanced_configuration": true,
    "import_source": "",
    "import_date": "",
    "labels": {
      "name": "Issues Trackings",
      "singular_name": "Issues Tracking",
      "menu_name": "Issues Trackings",
      "all_items": "Tutti/e gli/le Issues Trackings",
      "edit_item": "Modifica Issues Tracking",
      "view_item": "Visualizza Issues Tracking",
      "view_items": "Visualizza Issues Trackings",
      "add_new_item": "Aggiungi nuovo/a Issues Tracking",
      "add_new": "Aggiungi nuovo/a Issues Tracking",
      "new_item": "Nuovo/a Issues Tracking",
      "parent_item_colon": "Issues Tracking genitore:",
      "search_items": "Cerca Issues Trackings",
      "not_found": "Non abbiamo trovato issues trackings",
      "not_found_in_trash": "Non ci sono issues trackings nel cestino",
      "archives": "Archivi Issues Trackings",
      "attributes": "Attributi Issues Tracking",
      "featured_image": "",
      "set_featured_image": "",
      "remove_featured_image": "",
      "use_featured_image": "",
      "insert_into_item": "Inserisci in issues tracking",
      "uploaded_to_this_item": "Caricato in questo/a issues tracking",
      "filter_items_list": "Filtrare l'elenco di issues trackings",
      "filter_by_date": "Filtra issues trackings per data",
      "items_list_navigation": "Navigazione elenco Issues Trackings",
      "items_list": "Elenco Issues Trackings",
      "item_published": "Issues Tracking pubblicato/a.",
      "item_published_privately": "Issues Tracking pubblicato/a privatamente.",
      "item_reverted_to_draft": "Issues Tracking riconvertito/a in bozza.",
      "item_scheduled": "Issues Tracking programmato/a.",
      "item_updated": "Issues Tracking aggiornato/a.",
      "item_link": "Link Issues Tracking",
      "item_link_description": "Un link a un/a issues tracking."
    },
    "description": "<?xml version='1.0' encoding='UTF-8'?><root available-locales=\"en_US\" default-locale=\"en_US\"><Description language-id=\"en_US\">Issue Tracking</Description></root>",
    "public": true,
    "hierarchical": false,
    "exclude_from_search": false,
    "publicly_queryable": true,
    "show_ui": true,
    "show_in_menu": true,
    "admin_menu_parent": "cmn_other",
    "show_in_admin_bar": true,
    "show_in_nav_menus": true,
    "show_in_rest": true,
    "rest_base": "",
    "rest_namespace": "wp/v2",
    "rest_controller_class": "WP_REST_Posts_Controller",
    "menu_position": "",
    "menu_icon": "",
    "rename_capabilities": false,
    "singular_capability_name": "post",
    "plural_capability_name": "posts",
    "supports": [
      "title",
      "thumbnail",
      "custom-fields"
    ],
    "taxonomies": [
      "issues_tracking_category"
    ],
    "has_archive": false,
    "has_archive_slug": "",
    "rewrite": {
      "permalink_rewrite": "post_type_key",
      "with_front": "1",
      "feeds": "0",
      "pages": "1"
    },
    "query_var": "post_type_key",
    "query_var_name": "",
    "can_export": true,
    "delete_with_user": false,
    "register_meta_box_cb": "",
    "enter_title_here": ""
  }
]