[
  {
    "key": "1722811_post_type",
    "title": "registro degli accessis",
    "menu_order": 0,
    "active": true,
    "post_type": "1722811",
    "advanced_configuration": true,
    "import_source": "",
    "import_date": "",
    "labels": {
      "name": "registro degli accessis",
      "singular_name": "registro degli accessi",
      "menu_name": "registro degli accessis",
      "all_items": "Tutti/e gli/le registro degli accessis",
      "edit_item": "Modifica registro degli accessi",
      "view_item": "Visualizza registro degli accessi",
      "view_items": "Visualizza registro degli accessis",
      "add_new_item": "Aggiungi nuovo/a registro degli accessi",
      "add_new": "Aggiungi nuovo/a registro degli accessi",
      "new_item": "Nuovo/a registro degli accessi",
      "parent_item_colon": "registro degli accessi genitore:",
      "search_items": "Cerca registro degli accessis",
      "not_found": "Non abbiamo trovato registro degli accessis",
      "not_found_in_trash": "Non ci sono registro degli accessis nel cestino",
      "archives": "Archivi registro degli accessis",
      "attributes": "Attributi registro degli accessi",
      "featured_image": "",
      "set_featured_image": "",
      "remove_featured_image": "",
      "use_featured_image": "",
      "insert_into_item": "Inserisci in registro degli accessi",
      "uploaded_to_this_item": "Caricato in questo/a registro degli accessi",
      "filter_items_list": "Filtrare l'elenco di registro degli accessis",
      "filter_by_date": "Filtra registro degli accessis per data",
      "items_list_navigation": "Navigazione elenco registro degli accessis",
      "items_list": "Elenco registro degli accessis",
      "item_published": "registro degli accessi pubblicato/a.",
      "item_published_privately": "registro degli accessi pubblicato/a privatamente.",
      "item_reverted_to_draft": "registro degli accessi riconvertito/a in bozza.",
      "item_scheduled": "registro degli accessi programmato/a.",
      "item_updated": "registro degli accessi aggiornato/a.",
      "item_link": "Link registro degli accessi",
      "item_link_description": "Un link a un/a registro degli accessi."
    },
    "description": "<?xml version='1.0' encoding='UTF-8'?><root available-locales=\"it_IT\" default-locale=\"it_IT\"><Description language-id=\"it_IT\">Registro degli accessi (accesso civico)</Description></root>",
    "public": true,
    "hierarchical": false,
    "exclude_from_search": false,
    "publicly_queryable": true,
    "show_ui": true,
    "show_in_menu": true,
    "admin_menu_parent": "cmn_other",
    "show_in_admin_bar": true,
    "show_in_nav_menus": true,
    "show_in_rest": true,
    "rest_base": "",
    "rest_namespace": "wp/v2",
    "rest_controller_class": "WP_REST_Posts_Controller",
    "menu_position": "",
    "menu_icon": "",
    "rename_capabilities": false,
    "singular_capability_name": "post",
    "plural_capability_name": "posts",
    "supports": [
      "title",
      "thumbnail",
      "custom-fields"
    ],
    "taxonomies": [
      "1722811_category"
    ],
    "has_archive": false,
    "has_archive_slug": "",
    "rewrite": {
      "permalink_rewrite": "post_type_key",
      "with_front": "1",
      "feeds": "0",
      "pages": "1"
    },
    "query_var": "post_type_key",
    "query_var_name": "",
    "can_export": true,
    "delete_with_user": false,
    "register_meta_box_cb": "",
    "enter_title_here": ""
  }
]