[
  {
    "key": "12569_post_type",
    "title": "Siti Tematicis",
    "menu_order": 0,
    "active": true,
    "post_type": "12569",
    "advanced_configuration": true,
    "import_source": "",
    "import_date": "",
    "labels": {
      "name": "Siti Tematicis",
      "singular_name": "Siti Tematici",
      "menu_name": "Siti Tematicis",
      "all_items": "Tutti/e gli/le Siti Tematicis",
      "edit_item": "Modifica Siti Tematici",
      "view_item": "Visualizza Siti Tematici",
      "view_items": "Visualizza Siti Tematicis",
      "add_new_item": "Aggiungi nuovo/a Siti Tematici",
      "add_new": "Aggiungi nuovo/a Siti Tematici",
      "new_item": "Nuovo/a Siti Tematici",
      "parent_item_colon": "Siti Tematici genitore:",
      "search_items": "Cerca Siti Tematicis",
      "not_found": "Non abbiamo trovato siti tematicis",
      "not_found_in_trash": "Non ci sono siti tematicis nel cestino",
      "archives": "Archivi Siti Tematicis",
      "attributes": "Attributi Siti Tematici",
      "featured_image": "",
      "set_featured_image": "",
      "remove_featured_image": "",
      "use_featured_image": "",
      "insert_into_item": "Inserisci in siti tematici",
      "uploaded_to_this_item": "Caricato in questo/a siti tematici",
      "filter_items_list": "Filtrare l'elenco di siti tematicis",
      "filter_by_date": "Filtra siti tematicis per data",
      "items_list_navigation": "Navigazione elenco Siti Tematicis",
      "items_list": "Elenco Siti Tematicis",
      "item_published": "Siti Tematici pubblicato/a.",
      "item_published_privately": "Siti Tematici pubblicato/a privatamente.",
      "item_reverted_to_draft": "Siti Tematici riconvertito/a in bozza.",
      "item_scheduled": "Siti Tematici programmato/a.",
      "item_updated": "Siti Tematici aggiornato/a.",
      "item_link": "Link Siti Tematici",
      "item_link_description": "Un link a un/a siti tematici."
    },
    "description": "",
    "public": true,
    "hierarchical": false,
    "exclude_from_search": false,
    "publicly_queryable": true,
    "show_ui": true,
    "show_in_menu": true,
    "admin_menu_parent": "cmn_other",
    "show_in_admin_bar": true,
    "show_in_nav_menus": true,
    "show_in_rest": true,
    "rest_base": "",
    "rest_namespace": "wp/v2",
    "rest_controller_class": "WP_REST_Posts_Controller",
    "menu_position": "",
    "menu_icon": "",
    "rename_capabilities": false,
    "singular_capability_name": "post",
    "plural_capability_name": "posts",
    "supports": [
      "title",
      "thumbnail",
      "custom-fields"
    ],
    "taxonomies": [
      "12569_category"
    ],
    "has_archive": false,
    "has_archive_slug": "",
    "rewrite": {
      "permalink_rewrite": "post_type_key",
      "with_front": "1",
      "feeds": "0",
      "pages": "1"
    },
    "query_var": "post_type_key",
    "query_var_name": "",
    "can_export": true,
    "delete_with_user": false,
    "register_meta_box_cb": "",
    "enter_title_here": ""
  }
]