[
  {
    "key": "5563290_post_type",
    "title": "CardBanners",
    "menu_order": 0,
    "active": true,
    "post_type": "5563290",
    "advanced_configuration": true,
    "import_source": "",
    "import_date": "",
    "labels": {
      "name": "CardBanners",
      "singular_name": "CardBanner",
      "menu_name": "CardBanners",
      "all_items": "Tutti/e gli/le CardBanners",
      "edit_item": "Modifica CardBanner",
      "view_item": "Visualizza CardBanner",
      "view_items": "Visualizza CardBanners",
      "add_new_item": "Aggiungi nuovo/a CardBanner",
      "add_new": "Aggiungi nuovo/a CardBanner",
      "new_item": "Nuovo/a CardBanner",
      "parent_item_colon": "CardBanner genitore:",
      "search_items": "Cerca CardBanners",
      "not_found": "Non abbiamo trovato cardbanners",
      "not_found_in_trash": "Non ci sono cardbanners nel cestino",
      "archives": "Archivi CardBanners",
      "attributes": "Attributi CardBanner",
      "featured_image": "",
      "set_featured_image": "",
      "remove_featured_image": "",
      "use_featured_image": "",
      "insert_into_item": "Inserisci in cardbanner",
      "uploaded_to_this_item": "Caricato in questo/a cardbanner",
      "filter_items_list": "Filtrare l'elenco di cardbanners",
      "filter_by_date": "Filtra cardbanners per data",
      "items_list_navigation": "Navigazione elenco CardBanners",
      "items_list": "Elenco CardBanners",
      "item_published": "CardBanner pubblicato/a.",
      "item_published_privately": "CardBanner pubblicato/a privatamente.",
      "item_reverted_to_draft": "CardBanner riconvertito/a in bozza.",
      "item_scheduled": "CardBanner programmato/a.",
      "item_updated": "CardBanner aggiornato/a.",
      "item_link": "Link CardBanner",
      "item_link_description": "Un link a un/a cardbanner."
    },
    "description": "<?xml version='1.0' encoding='UTF-8'?><root available-locales=\"it_IT\" default-locale=\"it_IT\"><Description language-id=\"it_IT\">CardBanner</Description></root>",
    "public": true,
    "hierarchical": false,
    "exclude_from_search": false,
    "publicly_queryable": true,
    "show_ui": true,
    "show_in_menu": true,
    "admin_menu_parent": "cmn_web_content",
    "show_in_admin_bar": true,
    "show_in_nav_menus": true,
    "show_in_rest": true,
    "rest_base": "",
    "rest_namespace": "wp/v2",
    "rest_controller_class": "WP_REST_Posts_Controller",
    "menu_position": "",
    "menu_icon": "",
    "rename_capabilities": false,
    "singular_capability_name": "post",
    "plural_capability_name": "posts",
    "supports": [
      "title",
      "thumbnail",
      "custom-fields"
    ],
    "taxonomies": [
      "5563290_category"
    ],
    "has_archive": false,
    "has_archive_slug": "",
    "rewrite": {
      "permalink_rewrite": "post_type_key",
      "with_front": "1",
      "feeds": "0",
      "pages": "1"
    },
    "query_var": "post_type_key",
    "query_var_name": "",
    "can_export": true,
    "delete_with_user": false,
    "register_meta_box_cb": "",
    "enter_title_here": ""
  }
]