[
  {
    "key": "4325270_post_type",
    "title": "progetti comunis",
    "menu_order": 0,
    "active": true,
    "post_type": "4325270",
    "advanced_configuration": true,
    "import_source": "",
    "import_date": "",
    "labels": {
      "name": "progetti comunis",
      "singular_name": "progetti comuni",
      "menu_name": "progetti comunis",
      "all_items": "Tutti/e gli/le progetti comunis",
      "edit_item": "Modifica progetti comuni",
      "view_item": "Visualizza progetti comuni",
      "view_items": "Visualizza progetti comunis",
      "add_new_item": "Aggiungi nuovo/a progetti comuni",
      "add_new": "Aggiungi nuovo/a progetti comuni",
      "new_item": "Nuovo/a progetti comuni",
      "parent_item_colon": "progetti comuni genitore:",
      "search_items": "Cerca progetti comunis",
      "not_found": "Non abbiamo trovato progetti comunis",
      "not_found_in_trash": "Non ci sono progetti comunis nel cestino",
      "archives": "Archivi progetti comunis",
      "attributes": "Attributi progetti comuni",
      "featured_image": "",
      "set_featured_image": "",
      "remove_featured_image": "",
      "use_featured_image": "",
      "insert_into_item": "Inserisci in progetti comuni",
      "uploaded_to_this_item": "Caricato in questo/a progetti comuni",
      "filter_items_list": "Filtrare l'elenco di progetti comunis",
      "filter_by_date": "Filtra progetti comunis per data",
      "items_list_navigation": "Navigazione elenco progetti comunis",
      "items_list": "Elenco progetti comunis",
      "item_published": "progetti comuni pubblicato/a.",
      "item_published_privately": "progetti comuni pubblicato/a privatamente.",
      "item_reverted_to_draft": "progetti comuni riconvertito/a in bozza.",
      "item_scheduled": "progetti comuni programmato/a.",
      "item_updated": "progetti comuni aggiornato/a.",
      "item_link": "Link progetti comuni",
      "item_link_description": "Un link a un/a progetti comuni."
    },
    "description": "",
    "public": true,
    "hierarchical": false,
    "exclude_from_search": false,
    "publicly_queryable": true,
    "show_ui": true,
    "show_in_menu": true,
    "admin_menu_parent": "cmn_web_content",
    "show_in_admin_bar": true,
    "show_in_nav_menus": true,
    "show_in_rest": true,
    "rest_base": "",
    "rest_namespace": "wp/v2",
    "rest_controller_class": "WP_REST_Posts_Controller",
    "menu_position": "",
    "menu_icon": "",
    "rename_capabilities": false,
    "singular_capability_name": "post",
    "plural_capability_name": "posts",
    "supports": [
      "title",
      "thumbnail",
      "custom-fields"
    ],
    "taxonomies": [
      "4325270_category"
    ],
    "has_archive": false,
    "has_archive_slug": "",
    "rewrite": {
      "permalink_rewrite": "post_type_key",
      "with_front": "1",
      "feeds": "0",
      "pages": "1"
    },
    "query_var": "post_type_key",
    "query_var_name": "",
    "can_export": true,
    "delete_with_user": false,
    "register_meta_box_cb": "",
    "enter_title_here": ""
  }
]