[
  {
    "key": "45037_post_type",
    "title": "Bando di concorsi",
    "menu_order": 0,
    "active": true,
    "post_type": "45037",
    "advanced_configuration": true,
    "import_source": "",
    "import_date": "",
    "labels": {
      "name": "Bando di concorsi",
      "singular_name": "Bando di concorso",
      "menu_name": "Bando di concorsi",
      "all_items": "Tutti/e gli/le Bando di concorsi",
      "edit_item": "Modifica Bando di concorso",
      "view_item": "Visualizza Bando di concorso",
      "view_items": "Visualizza Bando di concorsi",
      "add_new_item": "Aggiungi nuovo/a Bando di concorso",
      "add_new": "Aggiungi nuovo/a Bando di concorso",
      "new_item": "Nuovo/a Bando di concorso",
      "parent_item_colon": "Bando di concorso genitore:",
      "search_items": "Cerca Bando di concorsi",
      "not_found": "Non abbiamo trovato bando di concorsi",
      "not_found_in_trash": "Non ci sono bando di concorsi nel cestino",
      "archives": "Archivi Bando di concorsi",
      "attributes": "Attributi Bando di concorso",
      "featured_image": "",
      "set_featured_image": "",
      "remove_featured_image": "",
      "use_featured_image": "",
      "insert_into_item": "Inserisci in bando di concorso",
      "uploaded_to_this_item": "Caricato in questo/a bando di concorso",
      "filter_items_list": "Filtrare l'elenco di bando di concorsi",
      "filter_by_date": "Filtra bando di concorsi per data",
      "items_list_navigation": "Navigazione elenco Bando di concorsi",
      "items_list": "Elenco Bando di concorsi",
      "item_published": "Bando di concorso pubblicato/a.",
      "item_published_privately": "Bando di concorso pubblicato/a privatamente.",
      "item_reverted_to_draft": "Bando di concorso riconvertito/a in bozza.",
      "item_scheduled": "Bando di concorso programmato/a.",
      "item_updated": "Bando di concorso aggiornato/a.",
      "item_link": "Link Bando di concorso",
      "item_link_description": "Un link a un/a bando di concorso."
    },
    "description": "",
    "public": true,
    "hierarchical": false,
    "exclude_from_search": false,
    "publicly_queryable": true,
    "show_ui": true,
    "show_in_menu": true,
    "admin_menu_parent": "cmn_web_content",
    "show_in_admin_bar": true,
    "show_in_nav_menus": true,
    "show_in_rest": true,
    "rest_base": "",
    "rest_namespace": "wp/v2",
    "rest_controller_class": "WP_REST_Posts_Controller",
    "menu_position": "",
    "menu_icon": "",
    "rename_capabilities": false,
    "singular_capability_name": "post",
    "plural_capability_name": "posts",
    "supports": [
      "title",
      "thumbnail",
      "custom-fields"
    ],
    "taxonomies": [
      "45037_category"
    ],
    "has_archive": false,
    "has_archive_slug": "",
    "rewrite": {
      "permalink_rewrite": "post_type_key",
      "with_front": "1",
      "feeds": "0",
      "pages": "1"
    },
    "query_var": "post_type_key",
    "query_var_name": "",
    "can_export": true,
    "delete_with_user": false,
    "register_meta_box_cb": "",
    "enter_title_here": ""
  }
]