[
  {
    "key": "23753_post_type",
    "title": "Struttura Leggi-tutti",
    "menu_order": 0,
    "active": true,
    "post_type": "23753",
    "advanced_configuration": true,
    "import_source": "",
    "import_date": "",
    "labels": {
      "name": "Struttura Leggi-tutti",
      "singular_name": "Struttura Leggi-tutto",
      "menu_name": "Struttura Leggi-tutti",
      "all_items": "Tutti/e gli/le Struttura Leggi-tutti",
      "edit_item": "Modifica Struttura Leggi-tutto",
      "view_item": "Visualizza Struttura Leggi-tutto",
      "view_items": "Visualizza Struttura Leggi-tutti",
      "add_new_item": "Aggiungi nuovo/a Struttura Leggi-tutto",
      "add_new": "Aggiungi nuovo/a Struttura Leggi-tutto",
      "new_item": "Nuovo/a Struttura Leggi-tutto",
      "parent_item_colon": "Struttura Leggi-tutto genitore:",
      "search_items": "Cerca Struttura Leggi-tutti",
      "not_found": "Non abbiamo trovato struttura leggi-tutti",
      "not_found_in_trash": "Non ci sono struttura leggi-tutti nel cestino",
      "archives": "Archivi Struttura Leggi-tutti",
      "attributes": "Attributi Struttura Leggi-tutto",
      "featured_image": "",
      "set_featured_image": "",
      "remove_featured_image": "",
      "use_featured_image": "",
      "insert_into_item": "Inserisci in struttura leggi-tutto",
      "uploaded_to_this_item": "Caricato in questo/a struttura leggi-tutto",
      "filter_items_list": "Filtrare l'elenco di struttura leggi-tutti",
      "filter_by_date": "Filtra struttura leggi-tutti per data",
      "items_list_navigation": "Navigazione elenco Struttura Leggi-tutti",
      "items_list": "Elenco Struttura Leggi-tutti",
      "item_published": "Struttura Leggi-tutto pubblicato/a.",
      "item_published_privately": "Struttura Leggi-tutto pubblicato/a privatamente.",
      "item_reverted_to_draft": "Struttura Leggi-tutto riconvertito/a in bozza.",
      "item_scheduled": "Struttura Leggi-tutto programmato/a.",
      "item_updated": "Struttura Leggi-tutto aggiornato/a.",
      "item_link": "Link Struttura Leggi-tutto",
      "item_link_description": "Un link a un/a struttura leggi-tutto."
    },
    "description": "<?xml version='1.0' encoding='UTF-8'?><root available-locales=\"it_IT\" default-locale=\"it_IT\"><Description language-id=\"it_IT\">Struttura estendibile: Sezione1, Titolo Sezione 2,Sezione 2,</Description></root>",
    "public": true,
    "hierarchical": false,
    "exclude_from_search": false,
    "publicly_queryable": true,
    "show_ui": true,
    "show_in_menu": true,
    "admin_menu_parent": "cmn_web_content",
    "show_in_admin_bar": true,
    "show_in_nav_menus": true,
    "show_in_rest": true,
    "rest_base": "",
    "rest_namespace": "wp/v2",
    "rest_controller_class": "WP_REST_Posts_Controller",
    "menu_position": "",
    "menu_icon": "",
    "rename_capabilities": false,
    "singular_capability_name": "post",
    "plural_capability_name": "posts",
    "supports": [
      "title",
      "thumbnail",
      "custom-fields"
    ],
    "taxonomies": [
      "23753_category"
    ],
    "has_archive": false,
    "has_archive_slug": "",
    "rewrite": {
      "permalink_rewrite": "post_type_key",
      "with_front": "1",
      "feeds": "0",
      "pages": "1"
    },
    "query_var": "post_type_key",
    "query_var_name": "",
    "can_export": true,
    "delete_with_user": false,
    "register_meta_box_cb": "",
    "enter_title_here": ""
  }
]