[
  {
    "key": "17193_post_type",
    "title": "Albo Pretorii",
    "menu_order": 0,
    "active": true,
    "post_type": "17193",
    "advanced_configuration": true,
    "import_source": "",
    "import_date": "",
    "labels": {
      "name": "Albo Pretorii",
      "singular_name": "Albo Pretorio",
      "menu_name": "Albo Pretorii",
      "all_items": "Tutti/e gli/le Albo Pretorii",
      "edit_item": "Modifica Albo Pretorio",
      "view_item": "Visualizza Albo Pretorio",
      "view_items": "Visualizza Albo Pretorii",
      "add_new_item": "Aggiungi nuovo/a Albo Pretorio",
      "add_new": "Aggiungi nuovo/a Albo Pretorio",
      "new_item": "Nuovo/a Albo Pretorio",
      "parent_item_colon": "Albo Pretorio genitore:",
      "search_items": "Cerca Albo Pretorii",
      "not_found": "Non abbiamo trovato albo pretorii",
      "not_found_in_trash": "Non ci sono albo pretorii nel cestino",
      "archives": "Archivi Albo Pretorii",
      "attributes": "Attributi Albo Pretorio",
      "featured_image": "",
      "set_featured_image": "",
      "remove_featured_image": "",
      "use_featured_image": "",
      "insert_into_item": "Inserisci in albo pretorio",
      "uploaded_to_this_item": "Caricato in questo/a albo pretorio",
      "filter_items_list": "Filtrare l'elenco di albo pretorii",
      "filter_by_date": "Filtra albo pretorii per data",
      "items_list_navigation": "Navigazione elenco Albo Pretorii",
      "items_list": "Elenco Albo Pretorii",
      "item_published": "Albo Pretorio pubblicato/a.",
      "item_published_privately": "Albo Pretorio pubblicato/a privatamente.",
      "item_reverted_to_draft": "Albo Pretorio riconvertito/a in bozza.",
      "item_scheduled": "Albo Pretorio programmato/a.",
      "item_updated": "Albo Pretorio aggiornato/a.",
      "item_link": "Link Albo Pretorio",
      "item_link_description": "Un link a un/a albo pretorio."
    },
    "description": "",
    "public": true,
    "hierarchical": false,
    "exclude_from_search": false,
    "publicly_queryable": true,
    "show_ui": true,
    "show_in_menu": true,
    "admin_menu_parent": "cmn_web_content",
    "show_in_admin_bar": true,
    "show_in_nav_menus": true,
    "show_in_rest": true,
    "rest_base": "",
    "rest_namespace": "wp/v2",
    "rest_controller_class": "WP_REST_Posts_Controller",
    "menu_position": "",
    "menu_icon": "",
    "rename_capabilities": false,
    "singular_capability_name": "post",
    "plural_capability_name": "posts",
    "supports": [
      "title",
      "thumbnail",
      "custom-fields"
    ],
    "taxonomies": [
      "17193_category"
    ],
    "has_archive": false,
    "has_archive_slug": "",
    "rewrite": {
      "permalink_rewrite": "post_type_key",
      "with_front": "1",
      "feeds": "0",
      "pages": "1"
    },
    "query_var": "post_type_key",
    "query_var_name": "",
    "can_export": true,
    "delete_with_user": false,
    "register_meta_box_cb": "",
    "enter_title_here": ""
  }
]