[
  {
    "key": "211617_post_type",
    "title": "Provvedimento Dirigenti",
    "menu_order": 0,
    "active": true,
    "post_type": "211617",
    "advanced_configuration": true,
    "import_source": "",
    "import_date": "",
    "labels": {
      "name": "Provvedimento Dirigenti",
      "singular_name": "Provvedimento Dirigente",
      "menu_name": "Provvedimento Dirigenti",
      "all_items": "Tutti/e gli/le Provvedimento Dirigenti",
      "edit_item": "Modifica Provvedimento Dirigente",
      "view_item": "Visualizza Provvedimento Dirigente",
      "view_items": "Visualizza Provvedimento Dirigenti",
      "add_new_item": "Aggiungi nuovo/a Provvedimento Dirigente",
      "add_new": "Aggiungi nuovo/a Provvedimento Dirigente",
      "new_item": "Nuovo/a Provvedimento Dirigente",
      "parent_item_colon": "Provvedimento Dirigente genitore:",
      "search_items": "Cerca Provvedimento Dirigenti",
      "not_found": "Non abbiamo trovato provvedimento dirigenti",
      "not_found_in_trash": "Non ci sono provvedimento dirigenti nel cestino",
      "archives": "Archivi Provvedimento Dirigenti",
      "attributes": "Attributi Provvedimento Dirigente",
      "featured_image": "",
      "set_featured_image": "",
      "remove_featured_image": "",
      "use_featured_image": "",
      "insert_into_item": "Inserisci in provvedimento dirigente",
      "uploaded_to_this_item": "Caricato in questo/a provvedimento dirigente",
      "filter_items_list": "Filtrare l'elenco di provvedimento dirigenti",
      "filter_by_date": "Filtra provvedimento dirigenti per data",
      "items_list_navigation": "Navigazione elenco Provvedimento Dirigenti",
      "items_list": "Elenco Provvedimento Dirigenti",
      "item_published": "Provvedimento Dirigente pubblicato/a.",
      "item_published_privately": "Provvedimento Dirigente pubblicato/a privatamente.",
      "item_reverted_to_draft": "Provvedimento Dirigente riconvertito/a in bozza.",
      "item_scheduled": "Provvedimento Dirigente programmato/a.",
      "item_updated": "Provvedimento Dirigente aggiornato/a.",
      "item_link": "Link Provvedimento Dirigente",
      "item_link_description": "Un link a un/a provvedimento dirigente."
    },
    "description": "",
    "public": true,
    "hierarchical": false,
    "exclude_from_search": false,
    "publicly_queryable": true,
    "show_ui": true,
    "show_in_menu": true,
    "admin_menu_parent": "cmn_web_content",
    "show_in_admin_bar": true,
    "show_in_nav_menus": true,
    "show_in_rest": true,
    "rest_base": "",
    "rest_namespace": "wp/v2",
    "rest_controller_class": "WP_REST_Posts_Controller",
    "menu_position": "",
    "menu_icon": "",
    "rename_capabilities": false,
    "singular_capability_name": "post",
    "plural_capability_name": "posts",
    "supports": [
      "title",
      "thumbnail",
      "custom-fields"
    ],
    "taxonomies": [
      "211617_category"
    ],
    "has_archive": false,
    "has_archive_slug": "",
    "rewrite": {
      "permalink_rewrite": "post_type_key",
      "with_front": "1",
      "feeds": "0",
      "pages": "1"
    },
    "query_var": "post_type_key",
    "query_var_name": "",
    "can_export": true,
    "delete_with_user": false,
    "register_meta_box_cb": "",
    "enter_title_here": ""
  }
]