[
  {
    "key": "3680950_post_type",
    "title": "nuovo rdfs",
    "menu_order": 0,
    "active": true,
    "post_type": "3680950",
    "advanced_configuration": true,
    "import_source": "",
    "import_date": "",
    "labels": {
      "name": "nuovo rdfs",
      "singular_name": "nuovo rdf",
      "menu_name": "nuovo rdfs",
      "all_items": "Tutti/e gli/le nuovo rdfs",
      "edit_item": "Modifica nuovo rdf",
      "view_item": "Visualizza nuovo rdf",
      "view_items": "Visualizza nuovo rdfs",
      "add_new_item": "Aggiungi nuovo/a nuovo rdf",
      "add_new": "Aggiungi nuovo/a nuovo rdf",
      "new_item": "Nuovo/a nuovo rdf",
      "parent_item_colon": "nuovo rdf genitore:",
      "search_items": "Cerca nuovo rdfs",
      "not_found": "Non abbiamo trovato nuovo rdfs",
      "not_found_in_trash": "Non ci sono nuovo rdfs nel cestino",
      "archives": "Archivi nuovo rdfs",
      "attributes": "Attributi nuovo rdf",
      "featured_image": "",
      "set_featured_image": "",
      "remove_featured_image": "",
      "use_featured_image": "",
      "insert_into_item": "Inserisci in nuovo rdf",
      "uploaded_to_this_item": "Caricato in questo/a nuovo rdf",
      "filter_items_list": "Filtrare l'elenco di nuovo rdfs",
      "filter_by_date": "Filtra nuovo rdfs per data",
      "items_list_navigation": "Navigazione elenco nuovo rdfs",
      "items_list": "Elenco nuovo rdfs",
      "item_published": "nuovo rdf pubblicato/a.",
      "item_published_privately": "nuovo rdf pubblicato/a privatamente.",
      "item_reverted_to_draft": "nuovo rdf riconvertito/a in bozza.",
      "item_scheduled": "nuovo rdf programmato/a.",
      "item_updated": "nuovo rdf aggiornato/a.",
      "item_link": "Link nuovo rdf",
      "item_link_description": "Un link a un/a nuovo rdf."
    },
    "description": "",
    "public": true,
    "hierarchical": false,
    "exclude_from_search": false,
    "publicly_queryable": true,
    "show_ui": true,
    "show_in_menu": true,
    "admin_menu_parent": "cmn_web_content",
    "show_in_admin_bar": true,
    "show_in_nav_menus": true,
    "show_in_rest": true,
    "rest_base": "",
    "rest_namespace": "wp/v2",
    "rest_controller_class": "WP_REST_Posts_Controller",
    "menu_position": "",
    "menu_icon": "",
    "rename_capabilities": false,
    "singular_capability_name": "post",
    "plural_capability_name": "posts",
    "supports": [
      "title",
      "thumbnail",
      "custom-fields"
    ],
    "taxonomies": [
      "3680950_category"
    ],
    "has_archive": false,
    "has_archive_slug": "",
    "rewrite": {
      "permalink_rewrite": "post_type_key",
      "with_front": "1",
      "feeds": "0",
      "pages": "1"
    },
    "query_var": "post_type_key",
    "query_var_name": "",
    "can_export": true,
    "delete_with_user": false,
    "register_meta_box_cb": "",
    "enter_title_here": ""
  }
]