[
  {
    "key": "1261149_post_type",
    "title": "StrutturaConsulenti",
    "menu_order": 0,
    "active": true,
    "post_type": "1261149",
    "advanced_configuration": true,
    "import_source": "",
    "import_date": "",
    "labels": {
      "name": "StrutturaConsulenti",
      "singular_name": "StrutturaConsulente",
      "menu_name": "StrutturaConsulenti",
      "all_items": "Tutti/e gli/le StrutturaConsulenti",
      "edit_item": "Modifica StrutturaConsulente",
      "view_item": "Visualizza StrutturaConsulente",
      "view_items": "Visualizza StrutturaConsulenti",
      "add_new_item": "Aggiungi nuovo/a StrutturaConsulente",
      "add_new": "Aggiungi nuovo/a StrutturaConsulente",
      "new_item": "Nuovo/a StrutturaConsulente",
      "parent_item_colon": "StrutturaConsulente genitore:",
      "search_items": "Cerca StrutturaConsulenti",
      "not_found": "Non abbiamo trovato strutturaconsulenti",
      "not_found_in_trash": "Non ci sono strutturaconsulenti nel cestino",
      "archives": "Archivi StrutturaConsulenti",
      "attributes": "Attributi StrutturaConsulente",
      "featured_image": "",
      "set_featured_image": "",
      "remove_featured_image": "",
      "use_featured_image": "",
      "insert_into_item": "Inserisci in strutturaconsulente",
      "uploaded_to_this_item": "Caricato in questo/a strutturaconsulente",
      "filter_items_list": "Filtrare l'elenco di strutturaconsulenti",
      "filter_by_date": "Filtra strutturaconsulenti per data",
      "items_list_navigation": "Navigazione elenco StrutturaConsulenti",
      "items_list": "Elenco StrutturaConsulenti",
      "item_published": "StrutturaConsulente pubblicato/a.",
      "item_published_privately": "StrutturaConsulente pubblicato/a privatamente.",
      "item_reverted_to_draft": "StrutturaConsulente riconvertito/a in bozza.",
      "item_scheduled": "StrutturaConsulente programmato/a.",
      "item_updated": "StrutturaConsulente aggiornato/a.",
      "item_link": "Link StrutturaConsulente",
      "item_link_description": "Un link a un/a strutturaconsulente."
    },
    "description": "",
    "public": true,
    "hierarchical": false,
    "exclude_from_search": false,
    "publicly_queryable": true,
    "show_ui": true,
    "show_in_menu": true,
    "admin_menu_parent": "cmn_web_content",
    "show_in_admin_bar": true,
    "show_in_nav_menus": true,
    "show_in_rest": true,
    "rest_base": "",
    "rest_namespace": "wp/v2",
    "rest_controller_class": "WP_REST_Posts_Controller",
    "menu_position": "",
    "menu_icon": "",
    "rename_capabilities": false,
    "singular_capability_name": "post",
    "plural_capability_name": "posts",
    "supports": [
      "title",
      "thumbnail",
      "custom-fields"
    ],
    "taxonomies": [
      "1261149_category"
    ],
    "has_archive": false,
    "has_archive_slug": "",
    "rewrite": {
      "permalink_rewrite": "post_type_key",
      "with_front": "1",
      "feeds": "0",
      "pages": "1"
    },
    "query_var": "post_type_key",
    "query_var_name": "",
    "can_export": true,
    "delete_with_user": false,
    "register_meta_box_cb": "",
    "enter_title_here": ""
  }
]