[
  {
    "key": "5668314_post_type",
    "title": "Defibrillatoris",
    "menu_order": 0,
    "active": true,
    "post_type": "5668314",
    "advanced_configuration": true,
    "import_source": "",
    "import_date": "",
    "labels": {
      "name": "Defibrillatoris",
      "singular_name": "Defibrillatori",
      "menu_name": "Defibrillatoris",
      "all_items": "Tutti/e gli/le Defibrillatoris",
      "edit_item": "Modifica Defibrillatori",
      "view_item": "Visualizza Defibrillatori",
      "view_items": "Visualizza Defibrillatoris",
      "add_new_item": "Aggiungi nuovo/a Defibrillatori",
      "add_new": "Aggiungi nuovo/a Defibrillatori",
      "new_item": "Nuovo/a Defibrillatori",
      "parent_item_colon": "Defibrillatori genitore:",
      "search_items": "Cerca Defibrillatoris",
      "not_found": "Non abbiamo trovato defibrillatoris",
      "not_found_in_trash": "Non ci sono defibrillatoris nel cestino",
      "archives": "Archivi Defibrillatoris",
      "attributes": "Attributi Defibrillatori",
      "featured_image": "",
      "set_featured_image": "",
      "remove_featured_image": "",
      "use_featured_image": "",
      "insert_into_item": "Inserisci in defibrillatori",
      "uploaded_to_this_item": "Caricato in questo/a defibrillatori",
      "filter_items_list": "Filtrare l'elenco di defibrillatoris",
      "filter_by_date": "Filtra defibrillatoris per data",
      "items_list_navigation": "Navigazione elenco Defibrillatoris",
      "items_list": "Elenco Defibrillatoris",
      "item_published": "Defibrillatori pubblicato/a.",
      "item_published_privately": "Defibrillatori pubblicato/a privatamente.",
      "item_reverted_to_draft": "Defibrillatori riconvertito/a in bozza.",
      "item_scheduled": "Defibrillatori programmato/a.",
      "item_updated": "Defibrillatori aggiornato/a.",
      "item_link": "Link Defibrillatori",
      "item_link_description": "Un link a un/a defibrillatori."
    },
    "description": "<?xml version='1.0' encoding='UTF-8'?><root available-locales=\"it_IT\" default-locale=\"it_IT\"><Description language-id=\"it_IT\">Struttura defibrillatori</Description></root>",
    "public": true,
    "hierarchical": false,
    "exclude_from_search": false,
    "publicly_queryable": true,
    "show_ui": true,
    "show_in_menu": true,
    "admin_menu_parent": "cmn_web_content",
    "show_in_admin_bar": true,
    "show_in_nav_menus": true,
    "show_in_rest": true,
    "rest_base": "",
    "rest_namespace": "wp/v2",
    "rest_controller_class": "WP_REST_Posts_Controller",
    "menu_position": "",
    "menu_icon": "",
    "rename_capabilities": false,
    "singular_capability_name": "post",
    "plural_capability_name": "posts",
    "supports": [
      "title",
      "thumbnail",
      "custom-fields"
    ],
    "taxonomies": [
      "5668314_category"
    ],
    "has_archive": false,
    "has_archive_slug": "",
    "rewrite": {
      "permalink_rewrite": "post_type_key",
      "with_front": "1",
      "feeds": "0",
      "pages": "1"
    },
    "query_var": "post_type_key",
    "query_var_name": "",
    "can_export": true,
    "delete_with_user": false,
    "register_meta_box_cb": "",
    "enter_title_here": ""
  }
]