[
  {
    "key": "109933_post_type",
    "title": "hamefs",
    "menu_order": 0,
    "active": true,
    "post_type": "109933",
    "advanced_configuration": true,
    "import_source": "",
    "import_date": "",
    "labels": {
      "name": "hamefs",
      "singular_name": "hamef",
      "menu_name": "hamefs",
      "all_items": "Tutti/e gli/le hamefs",
      "edit_item": "Modifica hamef",
      "view_item": "Visualizza hamef",
      "view_items": "Visualizza hamefs",
      "add_new_item": "Aggiungi nuovo/a hamef",
      "add_new": "Aggiungi nuovo/a hamef",
      "new_item": "Nuovo/a hamef",
      "parent_item_colon": "hamef genitore:",
      "search_items": "Cerca hamefs",
      "not_found": "Non abbiamo trovato hamefs",
      "not_found_in_trash": "Non ci sono hamefs nel cestino",
      "archives": "Archivi hamefs",
      "attributes": "Attributi hamef",
      "featured_image": "",
      "set_featured_image": "",
      "remove_featured_image": "",
      "use_featured_image": "",
      "insert_into_item": "Inserisci in hamef",
      "uploaded_to_this_item": "Caricato in questo/a hamef",
      "filter_items_list": "Filtrare l'elenco di hamefs",
      "filter_by_date": "Filtra hamefs per data",
      "items_list_navigation": "Navigazione elenco hamefs",
      "items_list": "Elenco hamefs",
      "item_published": "hamef pubblicato/a.",
      "item_published_privately": "hamef pubblicato/a privatamente.",
      "item_reverted_to_draft": "hamef riconvertito/a in bozza.",
      "item_scheduled": "hamef programmato/a.",
      "item_updated": "hamef aggiornato/a.",
      "item_link": "Link hamef",
      "item_link_description": "Un link a un/a hamef."
    },
    "description": "",
    "public": true,
    "hierarchical": false,
    "exclude_from_search": false,
    "publicly_queryable": true,
    "show_ui": true,
    "show_in_menu": true,
    "admin_menu_parent": "cmn_other",
    "show_in_admin_bar": true,
    "show_in_nav_menus": true,
    "show_in_rest": true,
    "rest_base": "",
    "rest_namespace": "wp/v2",
    "rest_controller_class": "WP_REST_Posts_Controller",
    "menu_position": "",
    "menu_icon": "",
    "rename_capabilities": false,
    "singular_capability_name": "post",
    "plural_capability_name": "posts",
    "supports": [
      "title",
      "thumbnail",
      "custom-fields"
    ],
    "taxonomies": [
      "109933_category"
    ],
    "has_archive": false,
    "has_archive_slug": "",
    "rewrite": {
      "permalink_rewrite": "post_type_key",
      "with_front": "1",
      "feeds": "0",
      "pages": "1"
    },
    "query_var": "post_type_key",
    "query_var_name": "",
    "can_export": true,
    "delete_with_user": false,
    "register_meta_box_cb": "",
    "enter_title_here": ""
  }
]