[
  {
    "key": "3108817_post_type",
    "title": "Provvedimenti Scadutis",
    "menu_order": 0,
    "active": true,
    "post_type": "3108817",
    "advanced_configuration": true,
    "import_source": "",
    "import_date": "",
    "labels": {
      "name": "Provvedimenti Scadutis",
      "singular_name": "Provvedimenti Scaduti",
      "menu_name": "Provvedimenti Scadutis",
      "all_items": "Tutti/e gli/le Provvedimenti Scadutis",
      "edit_item": "Modifica Provvedimenti Scaduti",
      "view_item": "Visualizza Provvedimenti Scaduti",
      "view_items": "Visualizza Provvedimenti Scadutis",
      "add_new_item": "Aggiungi nuovo/a Provvedimenti Scaduti",
      "add_new": "Aggiungi nuovo/a Provvedimenti Scaduti",
      "new_item": "Nuovo/a Provvedimenti Scaduti",
      "parent_item_colon": "Provvedimenti Scaduti genitore:",
      "search_items": "Cerca Provvedimenti Scadutis",
      "not_found": "Non abbiamo trovato provvedimenti scadutis",
      "not_found_in_trash": "Non ci sono provvedimenti scadutis nel cestino",
      "archives": "Archivi Provvedimenti Scadutis",
      "attributes": "Attributi Provvedimenti Scaduti",
      "featured_image": "",
      "set_featured_image": "",
      "remove_featured_image": "",
      "use_featured_image": "",
      "insert_into_item": "Inserisci in provvedimenti scaduti",
      "uploaded_to_this_item": "Caricato in questo/a provvedimenti scaduti",
      "filter_items_list": "Filtrare l'elenco di provvedimenti scadutis",
      "filter_by_date": "Filtra provvedimenti scadutis per data",
      "items_list_navigation": "Navigazione elenco Provvedimenti Scadutis",
      "items_list": "Elenco Provvedimenti Scadutis",
      "item_published": "Provvedimenti Scaduti pubblicato/a.",
      "item_published_privately": "Provvedimenti Scaduti pubblicato/a privatamente.",
      "item_reverted_to_draft": "Provvedimenti Scaduti riconvertito/a in bozza.",
      "item_scheduled": "Provvedimenti Scaduti programmato/a.",
      "item_updated": "Provvedimenti Scaduti aggiornato/a.",
      "item_link": "Link Provvedimenti Scaduti",
      "item_link_description": "Un link a un/a provvedimenti scaduti."
    },
    "description": "",
    "public": true,
    "hierarchical": false,
    "exclude_from_search": false,
    "publicly_queryable": true,
    "show_ui": true,
    "show_in_menu": true,
    "admin_menu_parent": "cmn_web_content",
    "show_in_admin_bar": true,
    "show_in_nav_menus": true,
    "show_in_rest": true,
    "rest_base": "",
    "rest_namespace": "wp/v2",
    "rest_controller_class": "WP_REST_Posts_Controller",
    "menu_position": "",
    "menu_icon": "",
    "rename_capabilities": false,
    "singular_capability_name": "post",
    "plural_capability_name": "posts",
    "supports": [
      "title",
      "thumbnail",
      "custom-fields"
    ],
    "taxonomies": [
      "3108817_category"
    ],
    "has_archive": false,
    "has_archive_slug": "",
    "rewrite": {
      "permalink_rewrite": "post_type_key",
      "with_front": "1",
      "feeds": "0",
      "pages": "1"
    },
    "query_var": "post_type_key",
    "query_var_name": "",
    "can_export": true,
    "delete_with_user": false,
    "register_meta_box_cb": "",
    "enter_title_here": ""
  }
]