[
  {
    "key": "137899_post_type",
    "title": "Incarichi amministrativi di vertici",
    "menu_order": 0,
    "active": true,
    "post_type": "137899",
    "advanced_configuration": true,
    "import_source": "",
    "import_date": "",
    "labels": {
      "name": "Incarichi amministrativi di vertici",
      "singular_name": "Incarichi amministrativi di vertice",
      "menu_name": "Incarichi amministrativi di vertici",
      "all_items": "Tutti/e gli/le Incarichi amministrativi di vertici",
      "edit_item": "Modifica Incarichi amministrativi di vertice",
      "view_item": "Visualizza Incarichi amministrativi di vertice",
      "view_items": "Visualizza Incarichi amministrativi di vertici",
      "add_new_item": "Aggiungi nuovo/a Incarichi amministrativi di vertice",
      "add_new": "Aggiungi nuovo/a Incarichi amministrativi di vertice",
      "new_item": "Nuovo/a Incarichi amministrativi di vertice",
      "parent_item_colon": "Incarichi amministrativi di vertice genitore:",
      "search_items": "Cerca Incarichi amministrativi di vertici",
      "not_found": "Non abbiamo trovato incarichi amministrativi di vertici",
      "not_found_in_trash": "Non ci sono incarichi amministrativi di vertici nel cestino",
      "archives": "Archivi Incarichi amministrativi di vertici",
      "attributes": "Attributi Incarichi amministrativi di vertice",
      "featured_image": "",
      "set_featured_image": "",
      "remove_featured_image": "",
      "use_featured_image": "",
      "insert_into_item": "Inserisci in incarichi amministrativi di vertice",
      "uploaded_to_this_item": "Caricato in questo/a incarichi amministrativi di vertice",
      "filter_items_list": "Filtrare l'elenco di incarichi amministrativi di vertici",
      "filter_by_date": "Filtra incarichi amministrativi di vertici per data",
      "items_list_navigation": "Navigazione elenco Incarichi amministrativi di vertici",
      "items_list": "Elenco Incarichi amministrativi di vertici",
      "item_published": "Incarichi amministrativi di vertice pubblicato/a.",
      "item_published_privately": "Incarichi amministrativi di vertice pubblicato/a privatamente.",
      "item_reverted_to_draft": "Incarichi amministrativi di vertice riconvertito/a in bozza.",
      "item_scheduled": "Incarichi amministrativi di vertice programmato/a.",
      "item_updated": "Incarichi amministrativi di vertice aggiornato/a.",
      "item_link": "Link Incarichi amministrativi di vertice",
      "item_link_description": "Un link a un/a incarichi amministrativi di vertice."
    },
    "description": "",
    "public": true,
    "hierarchical": false,
    "exclude_from_search": false,
    "publicly_queryable": true,
    "show_ui": true,
    "show_in_menu": true,
    "admin_menu_parent": "cmn_other",
    "show_in_admin_bar": true,
    "show_in_nav_menus": true,
    "show_in_rest": true,
    "rest_base": "",
    "rest_namespace": "wp/v2",
    "rest_controller_class": "WP_REST_Posts_Controller",
    "menu_position": "",
    "menu_icon": "",
    "rename_capabilities": false,
    "singular_capability_name": "post",
    "plural_capability_name": "posts",
    "supports": [
      "title",
      "thumbnail",
      "custom-fields"
    ],
    "taxonomies": [
      "137899_category"
    ],
    "has_archive": false,
    "has_archive_slug": "",
    "rewrite": {
      "permalink_rewrite": "post_type_key",
      "with_front": "1",
      "feeds": "0",
      "pages": "1"
    },
    "query_var": "post_type_key",
    "query_var_name": "",
    "can_export": true,
    "delete_with_user": false,
    "register_meta_box_cb": "",
    "enter_title_here": ""
  }
]