[
  {
    "key": "79755_post_type",
    "title": "Attivazioni",
    "menu_order": 0,
    "active": true,
    "post_type": "79755",
    "advanced_configuration": true,
    "import_source": "",
    "import_date": "",
    "labels": {
      "name": "Attivazioni",
      "singular_name": "Attivazione",
      "menu_name": "Attivazioni",
      "all_items": "Tutti/e gli/le Attivazioni",
      "edit_item": "Modifica Attivazione",
      "view_item": "Visualizza Attivazione",
      "view_items": "Visualizza Attivazioni",
      "add_new_item": "Aggiungi nuovo/a Attivazione",
      "add_new": "Aggiungi nuovo/a Attivazione",
      "new_item": "Nuovo/a Attivazione",
      "parent_item_colon": "Attivazione genitore:",
      "search_items": "Cerca Attivazioni",
      "not_found": "Non abbiamo trovato attivazioni",
      "not_found_in_trash": "Non ci sono attivazioni nel cestino",
      "archives": "Archivi Attivazioni",
      "attributes": "Attributi Attivazione",
      "featured_image": "",
      "set_featured_image": "",
      "remove_featured_image": "",
      "use_featured_image": "",
      "insert_into_item": "Inserisci in attivazione",
      "uploaded_to_this_item": "Caricato in questo/a attivazione",
      "filter_items_list": "Filtrare l'elenco di attivazioni",
      "filter_by_date": "Filtra attivazioni per data",
      "items_list_navigation": "Navigazione elenco Attivazioni",
      "items_list": "Elenco Attivazioni",
      "item_published": "Attivazione pubblicato/a.",
      "item_published_privately": "Attivazione pubblicato/a privatamente.",
      "item_reverted_to_draft": "Attivazione riconvertito/a in bozza.",
      "item_scheduled": "Attivazione programmato/a.",
      "item_updated": "Attivazione aggiornato/a.",
      "item_link": "Link Attivazione",
      "item_link_description": "Un link a un/a attivazione."
    },
    "description": "",
    "public": true,
    "hierarchical": false,
    "exclude_from_search": false,
    "publicly_queryable": true,
    "show_ui": true,
    "show_in_menu": true,
    "admin_menu_parent": "cmn_other",
    "show_in_admin_bar": true,
    "show_in_nav_menus": true,
    "show_in_rest": true,
    "rest_base": "",
    "rest_namespace": "wp/v2",
    "rest_controller_class": "WP_REST_Posts_Controller",
    "menu_position": "",
    "menu_icon": "",
    "rename_capabilities": false,
    "singular_capability_name": "post",
    "plural_capability_name": "posts",
    "supports": [
      "title",
      "thumbnail",
      "custom-fields"
    ],
    "taxonomies": [
      "79755_category"
    ],
    "has_archive": false,
    "has_archive_slug": "",
    "rewrite": {
      "permalink_rewrite": "post_type_key",
      "with_front": "1",
      "feeds": "0",
      "pages": "1"
    },
    "query_var": "post_type_key",
    "query_var_name": "",
    "can_export": true,
    "delete_with_user": false,
    "register_meta_box_cb": "",
    "enter_title_here": ""
  }
]