[
  {
    "key": "5671899_post_type",
    "title": "Sito Tematici",
    "menu_order": 0,
    "active": true,
    "post_type": "5671899",
    "advanced_configuration": true,
    "import_source": "",
    "import_date": "",
    "labels": {
      "name": "Sito Tematici",
      "singular_name": "Sito Tematico",
      "menu_name": "Sito Tematici",
      "all_items": "Tutti/e gli/le Sito Tematici",
      "edit_item": "Modifica Sito Tematico",
      "view_item": "Visualizza Sito Tematico",
      "view_items": "Visualizza Sito Tematici",
      "add_new_item": "Aggiungi nuovo/a Sito Tematico",
      "add_new": "Aggiungi nuovo/a Sito Tematico",
      "new_item": "Nuovo/a Sito Tematico",
      "parent_item_colon": "Sito Tematico genitore:",
      "search_items": "Cerca Sito Tematici",
      "not_found": "Non abbiamo trovato sito tematici",
      "not_found_in_trash": "Non ci sono sito tematici nel cestino",
      "archives": "Archivi Sito Tematici",
      "attributes": "Attributi Sito Tematico",
      "featured_image": "",
      "set_featured_image": "",
      "remove_featured_image": "",
      "use_featured_image": "",
      "insert_into_item": "Inserisci in sito tematico",
      "uploaded_to_this_item": "Caricato in questo/a sito tematico",
      "filter_items_list": "Filtrare l'elenco di sito tematici",
      "filter_by_date": "Filtra sito tematici per data",
      "items_list_navigation": "Navigazione elenco Sito Tematici",
      "items_list": "Elenco Sito Tematici",
      "item_published": "Sito Tematico pubblicato/a.",
      "item_published_privately": "Sito Tematico pubblicato/a privatamente.",
      "item_reverted_to_draft": "Sito Tematico riconvertito/a in bozza.",
      "item_scheduled": "Sito Tematico programmato/a.",
      "item_updated": "Sito Tematico aggiornato/a.",
      "item_link": "Link Sito Tematico",
      "item_link_description": "Un link a un/a sito tematico."
    },
    "description": "",
    "public": true,
    "hierarchical": false,
    "exclude_from_search": false,
    "publicly_queryable": true,
    "show_ui": true,
    "show_in_menu": true,
    "admin_menu_parent": "cmn_other",
    "show_in_admin_bar": true,
    "show_in_nav_menus": true,
    "show_in_rest": true,
    "rest_base": "",
    "rest_namespace": "wp/v2",
    "rest_controller_class": "WP_REST_Posts_Controller",
    "menu_position": "",
    "menu_icon": "",
    "rename_capabilities": false,
    "singular_capability_name": "post",
    "plural_capability_name": "posts",
    "supports": [
      "title",
      "thumbnail",
      "custom-fields"
    ],
    "taxonomies": [
      "5671899_category"
    ],
    "has_archive": false,
    "has_archive_slug": "",
    "rewrite": {
      "permalink_rewrite": "post_type_key",
      "with_front": "1",
      "feeds": "0",
      "pages": "1"
    },
    "query_var": "post_type_key",
    "query_var_name": "",
    "can_export": true,
    "delete_with_user": false,
    "register_meta_box_cb": "",
    "enter_title_here": ""
  }
]