[
  {
    "key": "3497805_post_type",
    "title": "Piano Strategici",
    "menu_order": 0,
    "active": true,
    "post_type": "3497805",
    "advanced_configuration": true,
    "import_source": "",
    "import_date": "",
    "labels": {
      "name": "Piano Strategici",
      "singular_name": "Piano Strategico",
      "menu_name": "Piano Strategici",
      "all_items": "Tutti/e gli/le Piano Strategici",
      "edit_item": "Modifica Piano Strategico",
      "view_item": "Visualizza Piano Strategico",
      "view_items": "Visualizza Piano Strategici",
      "add_new_item": "Aggiungi nuovo/a Piano Strategico",
      "add_new": "Aggiungi nuovo/a Piano Strategico",
      "new_item": "Nuovo/a Piano Strategico",
      "parent_item_colon": "Piano Strategico genitore:",
      "search_items": "Cerca Piano Strategici",
      "not_found": "Non abbiamo trovato piano strategici",
      "not_found_in_trash": "Non ci sono piano strategici nel cestino",
      "archives": "Archivi Piano Strategici",
      "attributes": "Attributi Piano Strategico",
      "featured_image": "",
      "set_featured_image": "",
      "remove_featured_image": "",
      "use_featured_image": "",
      "insert_into_item": "Inserisci in piano strategico",
      "uploaded_to_this_item": "Caricato in questo/a piano strategico",
      "filter_items_list": "Filtrare l'elenco di piano strategici",
      "filter_by_date": "Filtra piano strategici per data",
      "items_list_navigation": "Navigazione elenco Piano Strategici",
      "items_list": "Elenco Piano Strategici",
      "item_published": "Piano Strategico pubblicato/a.",
      "item_published_privately": "Piano Strategico pubblicato/a privatamente.",
      "item_reverted_to_draft": "Piano Strategico riconvertito/a in bozza.",
      "item_scheduled": "Piano Strategico programmato/a.",
      "item_updated": "Piano Strategico aggiornato/a.",
      "item_link": "Link Piano Strategico",
      "item_link_description": "Un link a un/a piano strategico."
    },
    "description": "",
    "public": true,
    "hierarchical": false,
    "exclude_from_search": false,
    "publicly_queryable": true,
    "show_ui": true,
    "show_in_menu": true,
    "admin_menu_parent": "cmn_web_content",
    "show_in_admin_bar": true,
    "show_in_nav_menus": true,
    "show_in_rest": true,
    "rest_base": "",
    "rest_namespace": "wp/v2",
    "rest_controller_class": "WP_REST_Posts_Controller",
    "menu_position": "",
    "menu_icon": "",
    "rename_capabilities": false,
    "singular_capability_name": "post",
    "plural_capability_name": "posts",
    "supports": [
      "title",
      "thumbnail",
      "custom-fields"
    ],
    "taxonomies": [
      "3497805_category"
    ],
    "has_archive": false,
    "has_archive_slug": "",
    "rewrite": {
      "permalink_rewrite": "post_type_key",
      "with_front": "1",
      "feeds": "0",
      "pages": "1"
    },
    "query_var": "post_type_key",
    "query_var_name": "",
    "can_export": true,
    "delete_with_user": false,
    "register_meta_box_cb": "",
    "enter_title_here": ""
  }
]