[
  {
    "key": "3433649_post_type",
    "title": "Modulo Generale2s",
    "menu_order": 0,
    "active": true,
    "post_type": "3433649",
    "advanced_configuration": true,
    "import_source": "",
    "import_date": "",
    "labels": {
      "name": "Modulo Generale2s",
      "singular_name": "Modulo Generale2",
      "menu_name": "Modulo Generale2s",
      "all_items": "Tutti/e gli/le Modulo Generale2s",
      "edit_item": "Modifica Modulo Generale2",
      "view_item": "Visualizza Modulo Generale2",
      "view_items": "Visualizza Modulo Generale2s",
      "add_new_item": "Aggiungi nuovo/a Modulo Generale2",
      "add_new": "Aggiungi nuovo/a Modulo Generale2",
      "new_item": "Nuovo/a Modulo Generale2",
      "parent_item_colon": "Modulo Generale2 genitore:",
      "search_items": "Cerca Modulo Generale2s",
      "not_found": "Non abbiamo trovato modulo generale2s",
      "not_found_in_trash": "Non ci sono modulo generale2s nel cestino",
      "archives": "Archivi Modulo Generale2s",
      "attributes": "Attributi Modulo Generale2",
      "featured_image": "",
      "set_featured_image": "",
      "remove_featured_image": "",
      "use_featured_image": "",
      "insert_into_item": "Inserisci in modulo generale2",
      "uploaded_to_this_item": "Caricato in questo/a modulo generale2",
      "filter_items_list": "Filtrare l'elenco di modulo generale2s",
      "filter_by_date": "Filtra modulo generale2s per data",
      "items_list_navigation": "Navigazione elenco Modulo Generale2s",
      "items_list": "Elenco Modulo Generale2s",
      "item_published": "Modulo Generale2 pubblicato/a.",
      "item_published_privately": "Modulo Generale2 pubblicato/a privatamente.",
      "item_reverted_to_draft": "Modulo Generale2 riconvertito/a in bozza.",
      "item_scheduled": "Modulo Generale2 programmato/a.",
      "item_updated": "Modulo Generale2 aggiornato/a.",
      "item_link": "Link Modulo Generale2",
      "item_link_description": "Un link a un/a modulo generale2."
    },
    "description": "",
    "public": true,
    "hierarchical": false,
    "exclude_from_search": false,
    "publicly_queryable": true,
    "show_ui": true,
    "show_in_menu": true,
    "admin_menu_parent": "cmn_web_content",
    "show_in_admin_bar": true,
    "show_in_nav_menus": true,
    "show_in_rest": true,
    "rest_base": "",
    "rest_namespace": "wp/v2",
    "rest_controller_class": "WP_REST_Posts_Controller",
    "menu_position": "",
    "menu_icon": "",
    "rename_capabilities": false,
    "singular_capability_name": "post",
    "plural_capability_name": "posts",
    "supports": [
      "title",
      "thumbnail",
      "custom-fields"
    ],
    "taxonomies": [
      "3433649_category"
    ],
    "has_archive": false,
    "has_archive_slug": "",
    "rewrite": {
      "permalink_rewrite": "post_type_key",
      "with_front": "1",
      "feeds": "0",
      "pages": "1"
    },
    "query_var": "post_type_key",
    "query_var_name": "",
    "can_export": true,
    "delete_with_user": false,
    "register_meta_box_cb": "",
    "enter_title_here": ""
  }
]