[
  {
    "key": "77350_post_type",
    "title": "Graduatorii",
    "menu_order": 0,
    "active": true,
    "post_type": "77350",
    "advanced_configuration": true,
    "import_source": "",
    "import_date": "",
    "labels": {
      "name": "Graduatorii",
      "singular_name": "Graduatorie",
      "menu_name": "Graduatorii",
      "all_items": "Tutti/e gli/le Graduatorii",
      "edit_item": "Modifica Graduatorie",
      "view_item": "Visualizza Graduatorie",
      "view_items": "Visualizza Graduatorii",
      "add_new_item": "Aggiungi nuovo/a Graduatorie",
      "add_new": "Aggiungi nuovo/a Graduatorie",
      "new_item": "Nuovo/a Graduatorie",
      "parent_item_colon": "Graduatorie genitore:",
      "search_items": "Cerca Graduatorii",
      "not_found": "Non abbiamo trovato graduatorii",
      "not_found_in_trash": "Non ci sono graduatorii nel cestino",
      "archives": "Archivi Graduatorii",
      "attributes": "Attributi Graduatorie",
      "featured_image": "",
      "set_featured_image": "",
      "remove_featured_image": "",
      "use_featured_image": "",
      "insert_into_item": "Inserisci in graduatorie",
      "uploaded_to_this_item": "Caricato in questo/a graduatorie",
      "filter_items_list": "Filtrare l'elenco di graduatorii",
      "filter_by_date": "Filtra graduatorii per data",
      "items_list_navigation": "Navigazione elenco Graduatorii",
      "items_list": "Elenco Graduatorii",
      "item_published": "Graduatorie pubblicato/a.",
      "item_published_privately": "Graduatorie pubblicato/a privatamente.",
      "item_reverted_to_draft": "Graduatorie riconvertito/a in bozza.",
      "item_scheduled": "Graduatorie programmato/a.",
      "item_updated": "Graduatorie aggiornato/a.",
      "item_link": "Link Graduatorie",
      "item_link_description": "Un link a un/a graduatorie."
    },
    "description": "",
    "public": true,
    "hierarchical": false,
    "exclude_from_search": false,
    "publicly_queryable": true,
    "show_ui": true,
    "show_in_menu": true,
    "admin_menu_parent": "cmn_other",
    "show_in_admin_bar": true,
    "show_in_nav_menus": true,
    "show_in_rest": true,
    "rest_base": "",
    "rest_namespace": "wp/v2",
    "rest_controller_class": "WP_REST_Posts_Controller",
    "menu_position": "",
    "menu_icon": "",
    "rename_capabilities": false,
    "singular_capability_name": "post",
    "plural_capability_name": "posts",
    "supports": [
      "title",
      "thumbnail",
      "custom-fields"
    ],
    "taxonomies": [
      "77350_category"
    ],
    "has_archive": false,
    "has_archive_slug": "",
    "rewrite": {
      "permalink_rewrite": "post_type_key",
      "with_front": "1",
      "feeds": "0",
      "pages": "1"
    },
    "query_var": "post_type_key",
    "query_var_name": "",
    "can_export": true,
    "delete_with_user": false,
    "register_meta_box_cb": "",
    "enter_title_here": ""
  }
]