[
  {
    "key": "12588_post_type",
    "title": "Servizis",
    "menu_order": 0,
    "active": true,
    "post_type": "12588",
    "advanced_configuration": true,
    "import_source": "",
    "import_date": "",
    "labels": {
      "name": "Servizis",
      "singular_name": "Servizi",
      "menu_name": "Servizis",
      "all_items": "Tutti/e gli/le Servizis",
      "edit_item": "Modifica Servizi",
      "view_item": "Visualizza Servizi",
      "view_items": "Visualizza Servizis",
      "add_new_item": "Aggiungi nuovo/a Servizi",
      "add_new": "Aggiungi nuovo/a Servizi",
      "new_item": "Nuovo/a Servizi",
      "parent_item_colon": "Servizi genitore:",
      "search_items": "Cerca Servizis",
      "not_found": "Non abbiamo trovato servizis",
      "not_found_in_trash": "Non ci sono servizis nel cestino",
      "archives": "Archivi Servizis",
      "attributes": "Attributi Servizi",
      "featured_image": "",
      "set_featured_image": "",
      "remove_featured_image": "",
      "use_featured_image": "",
      "insert_into_item": "Inserisci in servizi",
      "uploaded_to_this_item": "Caricato in questo/a servizi",
      "filter_items_list": "Filtrare l'elenco di servizis",
      "filter_by_date": "Filtra servizis per data",
      "items_list_navigation": "Navigazione elenco Servizis",
      "items_list": "Elenco Servizis",
      "item_published": "Servizi pubblicato/a.",
      "item_published_privately": "Servizi pubblicato/a privatamente.",
      "item_reverted_to_draft": "Servizi riconvertito/a in bozza.",
      "item_scheduled": "Servizi programmato/a.",
      "item_updated": "Servizi aggiornato/a.",
      "item_link": "Link Servizi",
      "item_link_description": "Un link a un/a servizi."
    },
    "description": "",
    "public": true,
    "hierarchical": false,
    "exclude_from_search": false,
    "publicly_queryable": true,
    "show_ui": true,
    "show_in_menu": true,
    "admin_menu_parent": "cmn_other",
    "show_in_admin_bar": true,
    "show_in_nav_menus": true,
    "show_in_rest": true,
    "rest_base": "",
    "rest_namespace": "wp/v2",
    "rest_controller_class": "WP_REST_Posts_Controller",
    "menu_position": "",
    "menu_icon": "",
    "rename_capabilities": false,
    "singular_capability_name": "post",
    "plural_capability_name": "posts",
    "supports": [
      "title",
      "thumbnail",
      "custom-fields"
    ],
    "taxonomies": [
      "12588_category"
    ],
    "has_archive": false,
    "has_archive_slug": "",
    "rewrite": {
      "permalink_rewrite": "post_type_key",
      "with_front": "1",
      "feeds": "0",
      "pages": "1"
    },
    "query_var": "post_type_key",
    "query_var_name": "",
    "can_export": true,
    "delete_with_user": false,
    "register_meta_box_cb": "",
    "enter_title_here": ""
  }
]