[
  {
    "key": "158211_post_type",
    "title": "Società partecipati",
    "menu_order": 0,
    "active": true,
    "post_type": "158211",
    "advanced_configuration": true,
    "import_source": "",
    "import_date": "",
    "labels": {
      "name": "Società partecipati",
      "singular_name": "Società partecipate",
      "menu_name": "Società partecipati",
      "all_items": "Tutti/e gli/le Società partecipati",
      "edit_item": "Modifica Società partecipate",
      "view_item": "Visualizza Società partecipate",
      "view_items": "Visualizza Società partecipati",
      "add_new_item": "Aggiungi nuovo/a Società partecipate",
      "add_new": "Aggiungi nuovo/a Società partecipate",
      "new_item": "Nuovo/a Società partecipate",
      "parent_item_colon": "Società partecipate genitore:",
      "search_items": "Cerca Società partecipati",
      "not_found": "Non abbiamo trovato società partecipati",
      "not_found_in_trash": "Non ci sono società partecipati nel cestino",
      "archives": "Archivi Società partecipati",
      "attributes": "Attributi Società partecipate",
      "featured_image": "",
      "set_featured_image": "",
      "remove_featured_image": "",
      "use_featured_image": "",
      "insert_into_item": "Inserisci in società partecipate",
      "uploaded_to_this_item": "Caricato in questo/a società partecipate",
      "filter_items_list": "Filtrare l'elenco di società partecipati",
      "filter_by_date": "Filtra società partecipati per data",
      "items_list_navigation": "Navigazione elenco Società partecipati",
      "items_list": "Elenco Società partecipati",
      "item_published": "Società partecipate pubblicato/a.",
      "item_published_privately": "Società partecipate pubblicato/a privatamente.",
      "item_reverted_to_draft": "Società partecipate riconvertito/a in bozza.",
      "item_scheduled": "Società partecipate programmato/a.",
      "item_updated": "Società partecipate aggiornato/a.",
      "item_link": "Link Società partecipate",
      "item_link_description": "Un link a un/a società partecipate."
    },
    "description": "",
    "public": true,
    "hierarchical": false,
    "exclude_from_search": false,
    "publicly_queryable": true,
    "show_ui": true,
    "show_in_menu": true,
    "admin_menu_parent": "cmn_other",
    "show_in_admin_bar": true,
    "show_in_nav_menus": true,
    "show_in_rest": true,
    "rest_base": "",
    "rest_namespace": "wp/v2",
    "rest_controller_class": "WP_REST_Posts_Controller",
    "menu_position": "",
    "menu_icon": "",
    "rename_capabilities": false,
    "singular_capability_name": "post",
    "plural_capability_name": "posts",
    "supports": [
      "title",
      "thumbnail",
      "custom-fields"
    ],
    "taxonomies": [
      "158211_category"
    ],
    "has_archive": false,
    "has_archive_slug": "",
    "rewrite": {
      "permalink_rewrite": "post_type_key",
      "with_front": "1",
      "feeds": "0",
      "pages": "1"
    },
    "query_var": "post_type_key",
    "query_var_name": "",
    "can_export": true,
    "delete_with_user": false,
    "register_meta_box_cb": "",
    "enter_title_here": ""
  }
]