[
  {
    "key": "154245_post_type",
    "title": "Enti pubblici vigilatis",
    "menu_order": 0,
    "active": true,
    "post_type": "154245",
    "advanced_configuration": true,
    "import_source": "",
    "import_date": "",
    "labels": {
      "name": "Enti pubblici vigilatis",
      "singular_name": "Enti pubblici vigilati",
      "menu_name": "Enti pubblici vigilatis",
      "all_items": "Tutti/e gli/le Enti pubblici vigilatis",
      "edit_item": "Modifica Enti pubblici vigilati",
      "view_item": "Visualizza Enti pubblici vigilati",
      "view_items": "Visualizza Enti pubblici vigilatis",
      "add_new_item": "Aggiungi nuovo/a Enti pubblici vigilati",
      "add_new": "Aggiungi nuovo/a Enti pubblici vigilati",
      "new_item": "Nuovo/a Enti pubblici vigilati",
      "parent_item_colon": "Enti pubblici vigilati genitore:",
      "search_items": "Cerca Enti pubblici vigilatis",
      "not_found": "Non abbiamo trovato enti pubblici vigilatis",
      "not_found_in_trash": "Non ci sono enti pubblici vigilatis nel cestino",
      "archives": "Archivi Enti pubblici vigilatis",
      "attributes": "Attributi Enti pubblici vigilati",
      "featured_image": "",
      "set_featured_image": "",
      "remove_featured_image": "",
      "use_featured_image": "",
      "insert_into_item": "Inserisci in enti pubblici vigilati",
      "uploaded_to_this_item": "Caricato in questo/a enti pubblici vigilati",
      "filter_items_list": "Filtrare l'elenco di enti pubblici vigilatis",
      "filter_by_date": "Filtra enti pubblici vigilatis per data",
      "items_list_navigation": "Navigazione elenco Enti pubblici vigilatis",
      "items_list": "Elenco Enti pubblici vigilatis",
      "item_published": "Enti pubblici vigilati pubblicato/a.",
      "item_published_privately": "Enti pubblici vigilati pubblicato/a privatamente.",
      "item_reverted_to_draft": "Enti pubblici vigilati riconvertito/a in bozza.",
      "item_scheduled": "Enti pubblici vigilati programmato/a.",
      "item_updated": "Enti pubblici vigilati aggiornato/a.",
      "item_link": "Link Enti pubblici vigilati",
      "item_link_description": "Un link a un/a enti pubblici vigilati."
    },
    "description": "",
    "public": true,
    "hierarchical": false,
    "exclude_from_search": false,
    "publicly_queryable": true,
    "show_ui": true,
    "show_in_menu": true,
    "admin_menu_parent": "cmn_other",
    "show_in_admin_bar": true,
    "show_in_nav_menus": true,
    "show_in_rest": true,
    "rest_base": "",
    "rest_namespace": "wp/v2",
    "rest_controller_class": "WP_REST_Posts_Controller",
    "menu_position": "",
    "menu_icon": "",
    "rename_capabilities": false,
    "singular_capability_name": "post",
    "plural_capability_name": "posts",
    "supports": [
      "title",
      "thumbnail",
      "custom-fields"
    ],
    "taxonomies": [
      "154245_category"
    ],
    "has_archive": false,
    "has_archive_slug": "",
    "rewrite": {
      "permalink_rewrite": "post_type_key",
      "with_front": "1",
      "feeds": "0",
      "pages": "1"
    },
    "query_var": "post_type_key",
    "query_var_name": "",
    "can_export": true,
    "delete_with_user": false,
    "register_meta_box_cb": "",
    "enter_title_here": ""
  }
]