[
  {
    "key": "5129177_post_type",
    "title": "Progetti Comunis",
    "menu_order": 0,
    "active": true,
    "post_type": "5129177",
    "advanced_configuration": true,
    "import_source": "",
    "import_date": "",
    "labels": {
      "name": "Progetti Comunis",
      "singular_name": "Progetti Comuni",
      "menu_name": "Progetti Comunis",
      "all_items": "Tutti/e gli/le Progetti Comunis",
      "edit_item": "Modifica Progetti Comuni",
      "view_item": "Visualizza Progetti Comuni",
      "view_items": "Visualizza Progetti Comunis",
      "add_new_item": "Aggiungi nuovo/a Progetti Comuni",
      "add_new": "Aggiungi nuovo/a Progetti Comuni",
      "new_item": "Nuovo/a Progetti Comuni",
      "parent_item_colon": "Progetti Comuni genitore:",
      "search_items": "Cerca Progetti Comunis",
      "not_found": "Non abbiamo trovato progetti comunis",
      "not_found_in_trash": "Non ci sono progetti comunis nel cestino",
      "archives": "Archivi Progetti Comunis",
      "attributes": "Attributi Progetti Comuni",
      "featured_image": "",
      "set_featured_image": "",
      "remove_featured_image": "",
      "use_featured_image": "",
      "insert_into_item": "Inserisci in progetti comuni",
      "uploaded_to_this_item": "Caricato in questo/a progetti comuni",
      "filter_items_list": "Filtrare l'elenco di progetti comunis",
      "filter_by_date": "Filtra progetti comunis per data",
      "items_list_navigation": "Navigazione elenco Progetti Comunis",
      "items_list": "Elenco Progetti Comunis",
      "item_published": "Progetti Comuni pubblicato/a.",
      "item_published_privately": "Progetti Comuni pubblicato/a privatamente.",
      "item_reverted_to_draft": "Progetti Comuni riconvertito/a in bozza.",
      "item_scheduled": "Progetti Comuni programmato/a.",
      "item_updated": "Progetti Comuni aggiornato/a.",
      "item_link": "Link Progetti Comuni",
      "item_link_description": "Un link a un/a progetti comuni."
    },
    "description": "<?xml version='1.0' encoding='UTF-8'?><root available-locales=\"it_IT\" default-locale=\"it_IT\"><Description language-id=\"it_IT\">Struttura import progetti dei comuni by APS</Description></root>",
    "public": true,
    "hierarchical": false,
    "exclude_from_search": false,
    "publicly_queryable": true,
    "show_ui": true,
    "show_in_menu": true,
    "admin_menu_parent": "cmn_web_content",
    "show_in_admin_bar": true,
    "show_in_nav_menus": true,
    "show_in_rest": true,
    "rest_base": "",
    "rest_namespace": "wp/v2",
    "rest_controller_class": "WP_REST_Posts_Controller",
    "menu_position": "",
    "menu_icon": "",
    "rename_capabilities": false,
    "singular_capability_name": "post",
    "plural_capability_name": "posts",
    "supports": [
      "title",
      "thumbnail",
      "custom-fields"
    ],
    "taxonomies": [
      "5129177_category"
    ],
    "has_archive": false,
    "has_archive_slug": "",
    "rewrite": {
      "permalink_rewrite": "post_type_key",
      "with_front": "1",
      "feeds": "0",
      "pages": "1"
    },
    "query_var": "post_type_key",
    "query_var_name": "",
    "can_export": true,
    "delete_with_user": false,
    "register_meta_box_cb": "",
    "enter_title_here": ""
  }
]