[
  {
    "key": "1654308_post_type",
    "title": "Servizio Viabilitàs",
    "menu_order": 0,
    "active": true,
    "post_type": "1654308",
    "advanced_configuration": true,
    "import_source": "",
    "import_date": "",
    "labels": {
      "name": "Servizio Viabilitàs",
      "singular_name": "Servizio Viabilità",
      "menu_name": "Servizio Viabilitàs",
      "all_items": "Tutti/e gli/le Servizio Viabilitàs",
      "edit_item": "Modifica Servizio Viabilità",
      "view_item": "Visualizza Servizio Viabilità",
      "view_items": "Visualizza Servizio Viabilitàs",
      "add_new_item": "Aggiungi nuovo/a Servizio Viabilità",
      "add_new": "Aggiungi nuovo/a Servizio Viabilità",
      "new_item": "Nuovo/a Servizio Viabilità",
      "parent_item_colon": "Servizio Viabilità genitore:",
      "search_items": "Cerca Servizio Viabilitàs",
      "not_found": "Non abbiamo trovato servizio viabilitàs",
      "not_found_in_trash": "Non ci sono servizio viabilitàs nel cestino",
      "archives": "Archivi Servizio Viabilitàs",
      "attributes": "Attributi Servizio Viabilità",
      "featured_image": "",
      "set_featured_image": "",
      "remove_featured_image": "",
      "use_featured_image": "",
      "insert_into_item": "Inserisci in servizio viabilità",
      "uploaded_to_this_item": "Caricato in questo/a servizio viabilità",
      "filter_items_list": "Filtrare l'elenco di servizio viabilitàs",
      "filter_by_date": "Filtra servizio viabilitàs per data",
      "items_list_navigation": "Navigazione elenco Servizio Viabilitàs",
      "items_list": "Elenco Servizio Viabilitàs",
      "item_published": "Servizio Viabilità pubblicato/a.",
      "item_published_privately": "Servizio Viabilità pubblicato/a privatamente.",
      "item_reverted_to_draft": "Servizio Viabilità riconvertito/a in bozza.",
      "item_scheduled": "Servizio Viabilità programmato/a.",
      "item_updated": "Servizio Viabilità aggiornato/a.",
      "item_link": "Link Servizio Viabilità",
      "item_link_description": "Un link a un/a servizio viabilità."
    },
    "description": "<?xml version='1.0' encoding='UTF-8'?><root available-locales=\"\" default-locale=\"it_IT\" />",
    "public": true,
    "hierarchical": false,
    "exclude_from_search": false,
    "publicly_queryable": true,
    "show_ui": true,
    "show_in_menu": true,
    "admin_menu_parent": "cmn_web_content",
    "show_in_admin_bar": true,
    "show_in_nav_menus": true,
    "show_in_rest": true,
    "rest_base": "",
    "rest_namespace": "wp/v2",
    "rest_controller_class": "WP_REST_Posts_Controller",
    "menu_position": "",
    "menu_icon": "",
    "rename_capabilities": false,
    "singular_capability_name": "post",
    "plural_capability_name": "posts",
    "supports": [
      "title",
      "thumbnail",
      "custom-fields"
    ],
    "taxonomies": [
      "1654308_category"
    ],
    "has_archive": false,
    "has_archive_slug": "",
    "rewrite": {
      "permalink_rewrite": "post_type_key",
      "with_front": "1",
      "feeds": "0",
      "pages": "1"
    },
    "query_var": "post_type_key",
    "query_var_name": "",
    "can_export": true,
    "delete_with_user": false,
    "register_meta_box_cb": "",
    "enter_title_here": ""
  }
]