[
  {
    "key": "1970671_post_type",
    "title": "Revisori dei contis",
    "menu_order": 0,
    "active": true,
    "post_type": "1970671",
    "advanced_configuration": true,
    "import_source": "",
    "import_date": "",
    "labels": {
      "name": "Revisori dei contis",
      "singular_name": "Revisori dei conti",
      "menu_name": "Revisori dei contis",
      "all_items": "Tutti/e gli/le Revisori dei contis",
      "edit_item": "Modifica Revisori dei conti",
      "view_item": "Visualizza Revisori dei conti",
      "view_items": "Visualizza Revisori dei contis",
      "add_new_item": "Aggiungi nuovo/a Revisori dei conti",
      "add_new": "Aggiungi nuovo/a Revisori dei conti",
      "new_item": "Nuovo/a Revisori dei conti",
      "parent_item_colon": "Revisori dei conti genitore:",
      "search_items": "Cerca Revisori dei contis",
      "not_found": "Non abbiamo trovato revisori dei contis",
      "not_found_in_trash": "Non ci sono revisori dei contis nel cestino",
      "archives": "Archivi Revisori dei contis",
      "attributes": "Attributi Revisori dei conti",
      "featured_image": "",
      "set_featured_image": "",
      "remove_featured_image": "",
      "use_featured_image": "",
      "insert_into_item": "Inserisci in revisori dei conti",
      "uploaded_to_this_item": "Caricato in questo/a revisori dei conti",
      "filter_items_list": "Filtrare l'elenco di revisori dei contis",
      "filter_by_date": "Filtra revisori dei contis per data",
      "items_list_navigation": "Navigazione elenco Revisori dei contis",
      "items_list": "Elenco Revisori dei contis",
      "item_published": "Revisori dei conti pubblicato/a.",
      "item_published_privately": "Revisori dei conti pubblicato/a privatamente.",
      "item_reverted_to_draft": "Revisori dei conti riconvertito/a in bozza.",
      "item_scheduled": "Revisori dei conti programmato/a.",
      "item_updated": "Revisori dei conti aggiornato/a.",
      "item_link": "Link Revisori dei conti",
      "item_link_description": "Un link a un/a revisori dei conti."
    },
    "description": "",
    "public": true,
    "hierarchical": false,
    "exclude_from_search": false,
    "publicly_queryable": true,
    "show_ui": true,
    "show_in_menu": true,
    "admin_menu_parent": "cmn_other",
    "show_in_admin_bar": true,
    "show_in_nav_menus": true,
    "show_in_rest": true,
    "rest_base": "",
    "rest_namespace": "wp/v2",
    "rest_controller_class": "WP_REST_Posts_Controller",
    "menu_position": "",
    "menu_icon": "",
    "rename_capabilities": false,
    "singular_capability_name": "post",
    "plural_capability_name": "posts",
    "supports": [
      "title",
      "thumbnail",
      "custom-fields"
    ],
    "taxonomies": [
      "1970671_category"
    ],
    "has_archive": false,
    "has_archive_slug": "",
    "rewrite": {
      "permalink_rewrite": "post_type_key",
      "with_front": "1",
      "feeds": "0",
      "pages": "1"
    },
    "query_var": "post_type_key",
    "query_var_name": "",
    "can_export": true,
    "delete_with_user": false,
    "register_meta_box_cb": "",
    "enter_title_here": ""
  }
]