[
  {
    "key": "76360_post_type",
    "title": "Autorizzazione Unica Ambientali",
    "menu_order": 0,
    "active": true,
    "post_type": "76360",
    "advanced_configuration": true,
    "import_source": "",
    "import_date": "",
    "labels": {
      "name": "Autorizzazione Unica Ambientali",
      "singular_name": "Autorizzazione Unica Ambientale",
      "menu_name": "Autorizzazione Unica Ambientali",
      "all_items": "Tutti/e gli/le Autorizzazione Unica Ambientali",
      "edit_item": "Modifica Autorizzazione Unica Ambientale",
      "view_item": "Visualizza Autorizzazione Unica Ambientale",
      "view_items": "Visualizza Autorizzazione Unica Ambientali",
      "add_new_item": "Aggiungi nuovo/a Autorizzazione Unica Ambientale",
      "add_new": "Aggiungi nuovo/a Autorizzazione Unica Ambientale",
      "new_item": "Nuovo/a Autorizzazione Unica Ambientale",
      "parent_item_colon": "Autorizzazione Unica Ambientale genitore:",
      "search_items": "Cerca Autorizzazione Unica Ambientali",
      "not_found": "Non abbiamo trovato autorizzazione unica ambientali",
      "not_found_in_trash": "Non ci sono autorizzazione unica ambientali nel cestino",
      "archives": "Archivi Autorizzazione Unica Ambientali",
      "attributes": "Attributi Autorizzazione Unica Ambientale",
      "featured_image": "",
      "set_featured_image": "",
      "remove_featured_image": "",
      "use_featured_image": "",
      "insert_into_item": "Inserisci in autorizzazione unica ambientale",
      "uploaded_to_this_item": "Caricato in questo/a autorizzazione unica ambientale",
      "filter_items_list": "Filtrare l'elenco di autorizzazione unica ambientali",
      "filter_by_date": "Filtra autorizzazione unica ambientali per data",
      "items_list_navigation": "Navigazione elenco Autorizzazione Unica Ambientali",
      "items_list": "Elenco Autorizzazione Unica Ambientali",
      "item_published": "Autorizzazione Unica Ambientale pubblicato/a.",
      "item_published_privately": "Autorizzazione Unica Ambientale pubblicato/a privatamente.",
      "item_reverted_to_draft": "Autorizzazione Unica Ambientale riconvertito/a in bozza.",
      "item_scheduled": "Autorizzazione Unica Ambientale programmato/a.",
      "item_updated": "Autorizzazione Unica Ambientale aggiornato/a.",
      "item_link": "Link Autorizzazione Unica Ambientale",
      "item_link_description": "Un link a un/a autorizzazione unica ambientale."
    },
    "description": "",
    "public": true,
    "hierarchical": false,
    "exclude_from_search": false,
    "publicly_queryable": true,
    "show_ui": true,
    "show_in_menu": true,
    "admin_menu_parent": "cmn_other",
    "show_in_admin_bar": true,
    "show_in_nav_menus": true,
    "show_in_rest": true,
    "rest_base": "",
    "rest_namespace": "wp/v2",
    "rest_controller_class": "WP_REST_Posts_Controller",
    "menu_position": "",
    "menu_icon": "",
    "rename_capabilities": false,
    "singular_capability_name": "post",
    "plural_capability_name": "posts",
    "supports": [
      "title",
      "thumbnail",
      "custom-fields"
    ],
    "taxonomies": [
      "76360_category"
    ],
    "has_archive": false,
    "has_archive_slug": "",
    "rewrite": {
      "permalink_rewrite": "post_type_key",
      "with_front": "1",
      "feeds": "0",
      "pages": "1"
    },
    "query_var": "post_type_key",
    "query_var_name": "",
    "can_export": true,
    "delete_with_user": false,
    "register_meta_box_cb": "",
    "enter_title_here": ""
  }
]