[
  {
    "key": "604250_post_type",
    "title": "Albo Pretorio Scaduti",
    "menu_order": 0,
    "active": true,
    "post_type": "604250",
    "advanced_configuration": true,
    "import_source": "",
    "import_date": "",
    "labels": {
      "name": "Albo Pretorio Scaduti",
      "singular_name": "Albo Pretorio Scaduto",
      "menu_name": "Albo Pretorio Scaduti",
      "all_items": "Tutti/e gli/le Albo Pretorio Scaduti",
      "edit_item": "Modifica Albo Pretorio Scaduto",
      "view_item": "Visualizza Albo Pretorio Scaduto",
      "view_items": "Visualizza Albo Pretorio Scaduti",
      "add_new_item": "Aggiungi nuovo/a Albo Pretorio Scaduto",
      "add_new": "Aggiungi nuovo/a Albo Pretorio Scaduto",
      "new_item": "Nuovo/a Albo Pretorio Scaduto",
      "parent_item_colon": "Albo Pretorio Scaduto genitore:",
      "search_items": "Cerca Albo Pretorio Scaduti",
      "not_found": "Non abbiamo trovato albo pretorio scaduti",
      "not_found_in_trash": "Non ci sono albo pretorio scaduti nel cestino",
      "archives": "Archivi Albo Pretorio Scaduti",
      "attributes": "Attributi Albo Pretorio Scaduto",
      "featured_image": "",
      "set_featured_image": "",
      "remove_featured_image": "",
      "use_featured_image": "",
      "insert_into_item": "Inserisci in albo pretorio scaduto",
      "uploaded_to_this_item": "Caricato in questo/a albo pretorio scaduto",
      "filter_items_list": "Filtrare l'elenco di albo pretorio scaduti",
      "filter_by_date": "Filtra albo pretorio scaduti per data",
      "items_list_navigation": "Navigazione elenco Albo Pretorio Scaduti",
      "items_list": "Elenco Albo Pretorio Scaduti",
      "item_published": "Albo Pretorio Scaduto pubblicato/a.",
      "item_published_privately": "Albo Pretorio Scaduto pubblicato/a privatamente.",
      "item_reverted_to_draft": "Albo Pretorio Scaduto riconvertito/a in bozza.",
      "item_scheduled": "Albo Pretorio Scaduto programmato/a.",
      "item_updated": "Albo Pretorio Scaduto aggiornato/a.",
      "item_link": "Link Albo Pretorio Scaduto",
      "item_link_description": "Un link a un/a albo pretorio scaduto."
    },
    "description": "",
    "public": true,
    "hierarchical": false,
    "exclude_from_search": false,
    "publicly_queryable": true,
    "show_ui": true,
    "show_in_menu": true,
    "admin_menu_parent": "cmn_web_content",
    "show_in_admin_bar": true,
    "show_in_nav_menus": true,
    "show_in_rest": true,
    "rest_base": "",
    "rest_namespace": "wp/v2",
    "rest_controller_class": "WP_REST_Posts_Controller",
    "menu_position": "",
    "menu_icon": "",
    "rename_capabilities": false,
    "singular_capability_name": "post",
    "plural_capability_name": "posts",
    "supports": [
      "title",
      "thumbnail",
      "custom-fields"
    ],
    "taxonomies": [
      "604250_category"
    ],
    "has_archive": false,
    "has_archive_slug": "",
    "rewrite": {
      "permalink_rewrite": "post_type_key",
      "with_front": "1",
      "feeds": "0",
      "pages": "1"
    },
    "query_var": "post_type_key",
    "query_var_name": "",
    "can_export": true,
    "delete_with_user": false,
    "register_meta_box_cb": "",
    "enter_title_here": ""
  }
]