[
  {
    "key": "45411_post_type",
    "title": "Agenzia Stampe",
    "menu_order": 0,
    "active": true,
    "post_type": "45411",
    "advanced_configuration": true,
    "import_source": "",
    "import_date": "",
    "labels": {
      "name": "Agenzia Stampe",
      "singular_name": "Agenzia Stampa",
      "menu_name": "Agenzia Stampe",
      "all_items": "Tutti/e gli/le Agenzia Stampe",
      "edit_item": "Modifica Agenzia Stampa",
      "view_item": "Visualizza Agenzia Stampa",
      "view_items": "Visualizza Agenzia Stampe",
      "add_new_item": "Aggiungi nuovo/a Agenzia Stampa",
      "add_new": "Aggiungi nuovo/a Agenzia Stampa",
      "new_item": "Nuovo/a Agenzia Stampa",
      "parent_item_colon": "Agenzia Stampa genitore:",
      "search_items": "Cerca Agenzia Stampe",
      "not_found": "Non abbiamo trovato agenzia stampe",
      "not_found_in_trash": "Non ci sono agenzia stampe nel cestino",
      "archives": "Archivi Agenzia Stampe",
      "attributes": "Attributi Agenzia Stampa",
      "featured_image": "",
      "set_featured_image": "",
      "remove_featured_image": "",
      "use_featured_image": "",
      "insert_into_item": "Inserisci in agenzia stampa",
      "uploaded_to_this_item": "Caricato in questo/a agenzia stampa",
      "filter_items_list": "Filtrare l'elenco di agenzia stampe",
      "filter_by_date": "Filtra agenzia stampe per data",
      "items_list_navigation": "Navigazione elenco Agenzia Stampe",
      "items_list": "Elenco Agenzia Stampe",
      "item_published": "Agenzia Stampa pubblicato/a.",
      "item_published_privately": "Agenzia Stampa pubblicato/a privatamente.",
      "item_reverted_to_draft": "Agenzia Stampa riconvertito/a in bozza.",
      "item_scheduled": "Agenzia Stampa programmato/a.",
      "item_updated": "Agenzia Stampa aggiornato/a.",
      "item_link": "Link Agenzia Stampa",
      "item_link_description": "Un link a un/a agenzia stampa."
    },
    "description": "",
    "public": true,
    "hierarchical": false,
    "exclude_from_search": false,
    "publicly_queryable": true,
    "show_ui": true,
    "show_in_menu": true,
    "admin_menu_parent": "cmn_web_content",
    "show_in_admin_bar": true,
    "show_in_nav_menus": true,
    "show_in_rest": true,
    "rest_base": "",
    "rest_namespace": "wp/v2",
    "rest_controller_class": "WP_REST_Posts_Controller",
    "menu_position": "",
    "menu_icon": "",
    "rename_capabilities": false,
    "singular_capability_name": "post",
    "plural_capability_name": "posts",
    "supports": [
      "title",
      "thumbnail",
      "custom-fields"
    ],
    "taxonomies": [
      "45411_category"
    ],
    "has_archive": false,
    "has_archive_slug": "",
    "rewrite": {
      "permalink_rewrite": "post_type_key",
      "with_front": "1",
      "feeds": "0",
      "pages": "1"
    },
    "query_var": "post_type_key",
    "query_var_name": "",
    "can_export": true,
    "delete_with_user": false,
    "register_meta_box_cb": "",
    "enter_title_here": ""
  }
]