[
  {
    "key": "93059_post_type",
    "title": "Suddivisione territoriale per competenza delle Procure della Repubblice",
    "menu_order": 0,
    "active": true,
    "post_type": "93059",
    "advanced_configuration": true,
    "import_source": "",
    "import_date": "",
    "labels": {
      "name": "Suddivisione territoriale per competenza delle Procure della Repubblice",
      "singular_name": "Suddivisione territoriale per competenza delle Procure della Repubblica",
      "menu_name": "Suddivisione territoriale per competenza delle Procure della Repubblice",
      "all_items": "Tutti/e gli/le Suddivisione territoriale per competenza delle Procure della Repubblice",
      "edit_item": "Modifica Suddivisione territoriale per competenza delle Procure della Repubblica",
      "view_item": "Visualizza Suddivisione territoriale per competenza delle Procure della Repubblica",
      "view_items": "Visualizza Suddivisione territoriale per competenza delle Procure della Repubblice",
      "add_new_item": "Aggiungi nuovo/a Suddivisione territoriale per competenza delle Procure della Repubblica",
      "add_new": "Aggiungi nuovo/a Suddivisione territoriale per competenza delle Procure della Repubblica",
      "new_item": "Nuovo/a Suddivisione territoriale per competenza delle Procure della Repubblica",
      "parent_item_colon": "Suddivisione territoriale per competenza delle Procure della Repubblica genitore:",
      "search_items": "Cerca Suddivisione territoriale per competenza delle Procure della Repubblice",
      "not_found": "Non abbiamo trovato suddivisione territoriale per competenza delle procure della repubblice",
      "not_found_in_trash": "Non ci sono suddivisione territoriale per competenza delle procure della repubblice nel cestino",
      "archives": "Archivi Suddivisione territoriale per competenza delle Procure della Repubblice",
      "attributes": "Attributi Suddivisione territoriale per competenza delle Procure della Repubblica",
      "featured_image": "",
      "set_featured_image": "",
      "remove_featured_image": "",
      "use_featured_image": "",
      "insert_into_item": "Inserisci in suddivisione territoriale per competenza delle procure della repubblica",
      "uploaded_to_this_item": "Caricato in questo/a suddivisione territoriale per competenza delle procure della repubblica",
      "filter_items_list": "Filtrare l'elenco di suddivisione territoriale per competenza delle procure della repubblice",
      "filter_by_date": "Filtra suddivisione territoriale per competenza delle procure della repubblice per data",
      "items_list_navigation": "Navigazione elenco Suddivisione territoriale per competenza delle Procure della Repubblice",
      "items_list": "Elenco Suddivisione territoriale per competenza delle Procure della Repubblice",
      "item_published": "Suddivisione territoriale per competenza delle Procure della Repubblica pubblicato/a.",
      "item_published_privately": "Suddivisione territoriale per competenza delle Procure della Repubblica pubblicato/a privatamente.",
      "item_reverted_to_draft": "Suddivisione territoriale per competenza delle Procure della Repubblica riconvertito/a in bozza.",
      "item_scheduled": "Suddivisione territoriale per competenza delle Procure della Repubblica programmato/a.",
      "item_updated": "Suddivisione territoriale per competenza delle Procure della Repubblica aggiornato/a.",
      "item_link": "Link Suddivisione territoriale per competenza delle Procure della Repubblica",
      "item_link_description": "Un link a un/a suddivisione territoriale per competenza delle procure della repubblica."
    },
    "description": "",
    "public": true,
    "hierarchical": false,
    "exclude_from_search": false,
    "publicly_queryable": true,
    "show_ui": true,
    "show_in_menu": true,
    "admin_menu_parent": "cmn_other",
    "show_in_admin_bar": true,
    "show_in_nav_menus": true,
    "show_in_rest": true,
    "rest_base": "",
    "rest_namespace": "wp/v2",
    "rest_controller_class": "WP_REST_Posts_Controller",
    "menu_position": "",
    "menu_icon": "",
    "rename_capabilities": false,
    "singular_capability_name": "post",
    "plural_capability_name": "posts",
    "supports": [
      "title",
      "thumbnail",
      "custom-fields"
    ],
    "taxonomies": [
      "93059_category"
    ],
    "has_archive": false,
    "has_archive_slug": "",
    "rewrite": {
      "permalink_rewrite": "post_type_key",
      "with_front": "1",
      "feeds": "0",
      "pages": "1"
    },
    "query_var": "post_type_key",
    "query_var_name": "",
    "can_export": true,
    "delete_with_user": false,
    "register_meta_box_cb": "",
    "enter_title_here": ""
  }
]