[
  {
    "key": "5563349_post_type",
    "title": "URP_CARD_AGIDs",
    "menu_order": 0,
    "active": true,
    "post_type": "5563349",
    "advanced_configuration": true,
    "import_source": "",
    "import_date": "",
    "labels": {
      "name": "URP_CARD_AGIDs",
      "singular_name": "URP_CARD_AGID",
      "menu_name": "URP_CARD_AGIDs",
      "all_items": "Tutti/e gli/le URP_CARD_AGIDs",
      "edit_item": "Modifica URP_CARD_AGID",
      "view_item": "Visualizza URP_CARD_AGID",
      "view_items": "Visualizza URP_CARD_AGIDs",
      "add_new_item": "Aggiungi nuovo/a URP_CARD_AGID",
      "add_new": "Aggiungi nuovo/a URP_CARD_AGID",
      "new_item": "Nuovo/a URP_CARD_AGID",
      "parent_item_colon": "URP_CARD_AGID genitore:",
      "search_items": "Cerca URP_CARD_AGIDs",
      "not_found": "Non abbiamo trovato urp_card_agids",
      "not_found_in_trash": "Non ci sono urp_card_agids nel cestino",
      "archives": "Archivi URP_CARD_AGIDs",
      "attributes": "Attributi URP_CARD_AGID",
      "featured_image": "",
      "set_featured_image": "",
      "remove_featured_image": "",
      "use_featured_image": "",
      "insert_into_item": "Inserisci in urp_card_agid",
      "uploaded_to_this_item": "Caricato in questo/a urp_card_agid",
      "filter_items_list": "Filtrare l'elenco di urp_card_agids",
      "filter_by_date": "Filtra urp_card_agids per data",
      "items_list_navigation": "Navigazione elenco URP_CARD_AGIDs",
      "items_list": "Elenco URP_CARD_AGIDs",
      "item_published": "URP_CARD_AGID pubblicato/a.",
      "item_published_privately": "URP_CARD_AGID pubblicato/a privatamente.",
      "item_reverted_to_draft": "URP_CARD_AGID riconvertito/a in bozza.",
      "item_scheduled": "URP_CARD_AGID programmato/a.",
      "item_updated": "URP_CARD_AGID aggiornato/a.",
      "item_link": "Link URP_CARD_AGID",
      "item_link_description": "Un link a un/a urp_card_agid."
    },
    "description": "",
    "public": true,
    "hierarchical": false,
    "exclude_from_search": false,
    "publicly_queryable": true,
    "show_ui": true,
    "show_in_menu": true,
    "admin_menu_parent": "cmn_web_content",
    "show_in_admin_bar": true,
    "show_in_nav_menus": true,
    "show_in_rest": true,
    "rest_base": "",
    "rest_namespace": "wp/v2",
    "rest_controller_class": "WP_REST_Posts_Controller",
    "menu_position": "",
    "menu_icon": "",
    "rename_capabilities": false,
    "singular_capability_name": "post",
    "plural_capability_name": "posts",
    "supports": [
      "title",
      "thumbnail",
      "custom-fields"
    ],
    "taxonomies": [
      "5563349_category"
    ],
    "has_archive": false,
    "has_archive_slug": "",
    "rewrite": {
      "permalink_rewrite": "post_type_key",
      "with_front": "1",
      "feeds": "0",
      "pages": "1"
    },
    "query_var": "post_type_key",
    "query_var_name": "",
    "can_export": true,
    "delete_with_user": false,
    "register_meta_box_cb": "",
    "enter_title_here": ""
  }
]