[
  {
    "key": "23939_post_type",
    "title": "URPs",
    "menu_order": 0,
    "active": true,
    "post_type": "23939",
    "advanced_configuration": true,
    "import_source": "",
    "import_date": "",
    "labels": {
      "name": "URPs",
      "singular_name": "URP",
      "menu_name": "URPs",
      "all_items": "Tutti/e gli/le URPs",
      "edit_item": "Modifica URP",
      "view_item": "Visualizza URP",
      "view_items": "Visualizza URPs",
      "add_new_item": "Aggiungi nuovo/a URP",
      "add_new": "Aggiungi nuovo/a URP",
      "new_item": "Nuovo/a URP",
      "parent_item_colon": "URP genitore:",
      "search_items": "Cerca URPs",
      "not_found": "Non abbiamo trovato urps",
      "not_found_in_trash": "Non ci sono urps nel cestino",
      "archives": "Archivi URPs",
      "attributes": "Attributi URP",
      "featured_image": "",
      "set_featured_image": "",
      "remove_featured_image": "",
      "use_featured_image": "",
      "insert_into_item": "Inserisci in urp",
      "uploaded_to_this_item": "Caricato in questo/a urp",
      "filter_items_list": "Filtrare l'elenco di urps",
      "filter_by_date": "Filtra urps per data",
      "items_list_navigation": "Navigazione elenco URPs",
      "items_list": "Elenco URPs",
      "item_published": "URP pubblicato/a.",
      "item_published_privately": "URP pubblicato/a privatamente.",
      "item_reverted_to_draft": "URP riconvertito/a in bozza.",
      "item_scheduled": "URP programmato/a.",
      "item_updated": "URP aggiornato/a.",
      "item_link": "Link URP",
      "item_link_description": "Un link a un/a urp."
    },
    "description": "<?xml version='1.0' encoding='UTF-8'?><root available-locales=\"it_IT\" default-locale=\"it_IT\"><Description language-id=\"it_IT\">Struttura formata da Titolo, descrizione ed eventuale form.</Description></root>",
    "public": true,
    "hierarchical": false,
    "exclude_from_search": false,
    "publicly_queryable": true,
    "show_ui": true,
    "show_in_menu": true,
    "admin_menu_parent": "cmn_web_content",
    "show_in_admin_bar": true,
    "show_in_nav_menus": true,
    "show_in_rest": true,
    "rest_base": "",
    "rest_namespace": "wp/v2",
    "rest_controller_class": "WP_REST_Posts_Controller",
    "menu_position": "",
    "menu_icon": "",
    "rename_capabilities": false,
    "singular_capability_name": "post",
    "plural_capability_name": "posts",
    "supports": [
      "title",
      "thumbnail",
      "custom-fields"
    ],
    "taxonomies": [
      "23939_category"
    ],
    "has_archive": false,
    "has_archive_slug": "",
    "rewrite": {
      "permalink_rewrite": "post_type_key",
      "with_front": "1",
      "feeds": "0",
      "pages": "1"
    },
    "query_var": "post_type_key",
    "query_var_name": "",
    "can_export": true,
    "delete_with_user": false,
    "register_meta_box_cb": "",
    "enter_title_here": ""
  }
]