[
  {
    "key": "5563439_post_type",
    "title": "Titolo Progetti",
    "menu_order": 0,
    "active": true,
    "post_type": "5563439",
    "advanced_configuration": true,
    "import_source": "",
    "import_date": "",
    "labels": {
      "name": "Titolo Progetti",
      "singular_name": "Titolo Progetto",
      "menu_name": "Titolo Progetti",
      "all_items": "Tutti/e gli/le Titolo Progetti",
      "edit_item": "Modifica Titolo Progetto",
      "view_item": "Visualizza Titolo Progetto",
      "view_items": "Visualizza Titolo Progetti",
      "add_new_item": "Aggiungi nuovo/a Titolo Progetto",
      "add_new": "Aggiungi nuovo/a Titolo Progetto",
      "new_item": "Nuovo/a Titolo Progetto",
      "parent_item_colon": "Titolo Progetto genitore:",
      "search_items": "Cerca Titolo Progetti",
      "not_found": "Non abbiamo trovato titolo progetti",
      "not_found_in_trash": "Non ci sono titolo progetti nel cestino",
      "archives": "Archivi Titolo Progetti",
      "attributes": "Attributi Titolo Progetto",
      "featured_image": "",
      "set_featured_image": "",
      "remove_featured_image": "",
      "use_featured_image": "",
      "insert_into_item": "Inserisci in titolo progetto",
      "uploaded_to_this_item": "Caricato in questo/a titolo progetto",
      "filter_items_list": "Filtrare l'elenco di titolo progetti",
      "filter_by_date": "Filtra titolo progetti per data",
      "items_list_navigation": "Navigazione elenco Titolo Progetti",
      "items_list": "Elenco Titolo Progetti",
      "item_published": "Titolo Progetto pubblicato/a.",
      "item_published_privately": "Titolo Progetto pubblicato/a privatamente.",
      "item_reverted_to_draft": "Titolo Progetto riconvertito/a in bozza.",
      "item_scheduled": "Titolo Progetto programmato/a.",
      "item_updated": "Titolo Progetto aggiornato/a.",
      "item_link": "Link Titolo Progetto",
      "item_link_description": "Un link a un/a titolo progetto."
    },
    "description": "",
    "public": true,
    "hierarchical": false,
    "exclude_from_search": false,
    "publicly_queryable": true,
    "show_ui": true,
    "show_in_menu": true,
    "admin_menu_parent": "cmn_web_content",
    "show_in_admin_bar": true,
    "show_in_nav_menus": true,
    "show_in_rest": true,
    "rest_base": "",
    "rest_namespace": "wp/v2",
    "rest_controller_class": "WP_REST_Posts_Controller",
    "menu_position": "",
    "menu_icon": "",
    "rename_capabilities": false,
    "singular_capability_name": "post",
    "plural_capability_name": "posts",
    "supports": [
      "title",
      "thumbnail",
      "custom-fields"
    ],
    "taxonomies": [
      "5563439_category"
    ],
    "has_archive": false,
    "has_archive_slug": "",
    "rewrite": {
      "permalink_rewrite": "post_type_key",
      "with_front": "1",
      "feeds": "0",
      "pages": "1"
    },
    "query_var": "post_type_key",
    "query_var_name": "",
    "can_export": true,
    "delete_with_user": false,
    "register_meta_box_cb": "",
    "enter_title_here": ""
  }
]