[
  {
    "key": "5659945_post_type",
    "title": "Coordinate Progettis",
    "menu_order": 0,
    "active": true,
    "post_type": "5659945",
    "advanced_configuration": true,
    "import_source": "",
    "import_date": "",
    "labels": {
      "name": "Coordinate Progettis",
      "singular_name": "Coordinate Progetti",
      "menu_name": "Coordinate Progettis",
      "all_items": "Tutti/e gli/le Coordinate Progettis",
      "edit_item": "Modifica Coordinate Progetti",
      "view_item": "Visualizza Coordinate Progetti",
      "view_items": "Visualizza Coordinate Progettis",
      "add_new_item": "Aggiungi nuovo/a Coordinate Progetti",
      "add_new": "Aggiungi nuovo/a Coordinate Progetti",
      "new_item": "Nuovo/a Coordinate Progetti",
      "parent_item_colon": "Coordinate Progetti genitore:",
      "search_items": "Cerca Coordinate Progettis",
      "not_found": "Non abbiamo trovato coordinate progettis",
      "not_found_in_trash": "Non ci sono coordinate progettis nel cestino",
      "archives": "Archivi Coordinate Progettis",
      "attributes": "Attributi Coordinate Progetti",
      "featured_image": "",
      "set_featured_image": "",
      "remove_featured_image": "",
      "use_featured_image": "",
      "insert_into_item": "Inserisci in coordinate progetti",
      "uploaded_to_this_item": "Caricato in questo/a coordinate progetti",
      "filter_items_list": "Filtrare l'elenco di coordinate progettis",
      "filter_by_date": "Filtra coordinate progettis per data",
      "items_list_navigation": "Navigazione elenco Coordinate Progettis",
      "items_list": "Elenco Coordinate Progettis",
      "item_published": "Coordinate Progetti pubblicato/a.",
      "item_published_privately": "Coordinate Progetti pubblicato/a privatamente.",
      "item_reverted_to_draft": "Coordinate Progetti riconvertito/a in bozza.",
      "item_scheduled": "Coordinate Progetti programmato/a.",
      "item_updated": "Coordinate Progetti aggiornato/a.",
      "item_link": "Link Coordinate Progetti",
      "item_link_description": "Un link a un/a coordinate progetti."
    },
    "description": "<?xml version='1.0' encoding='UTF-8'?><root available-locales=\"it_IT\" default-locale=\"it_IT\"><Description language-id=\"it_IT\">Coordinate Progetti</Description></root>",
    "public": true,
    "hierarchical": false,
    "exclude_from_search": false,
    "publicly_queryable": true,
    "show_ui": true,
    "show_in_menu": true,
    "admin_menu_parent": "cmn_web_content",
    "show_in_admin_bar": true,
    "show_in_nav_menus": true,
    "show_in_rest": true,
    "rest_base": "",
    "rest_namespace": "wp/v2",
    "rest_controller_class": "WP_REST_Posts_Controller",
    "menu_position": "",
    "menu_icon": "",
    "rename_capabilities": false,
    "singular_capability_name": "post",
    "plural_capability_name": "posts",
    "supports": [
      "title",
      "thumbnail",
      "custom-fields"
    ],
    "taxonomies": [
      "5659945_category"
    ],
    "has_archive": false,
    "has_archive_slug": "",
    "rewrite": {
      "permalink_rewrite": "post_type_key",
      "with_front": "1",
      "feeds": "0",
      "pages": "1"
    },
    "query_var": "post_type_key",
    "query_var_name": "",
    "can_export": true,
    "delete_with_user": false,
    "register_meta_box_cb": "",
    "enter_title_here": ""
  }
]