[
  {
    "key": "12714_post_type",
    "title": "Newss",
    "menu_order": 0,
    "active": true,
    "post_type": "12714",
    "advanced_configuration": true,
    "import_source": "",
    "import_date": "",
    "labels": {
      "name": "Newss",
      "singular_name": "News",
      "menu_name": "Newss",
      "all_items": "Tutti/e gli/le Newss",
      "edit_item": "Modifica News",
      "view_item": "Visualizza News",
      "view_items": "Visualizza Newss",
      "add_new_item": "Aggiungi nuovo/a News",
      "add_new": "Aggiungi nuovo/a News",
      "new_item": "Nuovo/a News",
      "parent_item_colon": "News genitore:",
      "search_items": "Cerca Newss",
      "not_found": "Non abbiamo trovato newss",
      "not_found_in_trash": "Non ci sono newss nel cestino",
      "archives": "Archivi Newss",
      "attributes": "Attributi News",
      "featured_image": "",
      "set_featured_image": "",
      "remove_featured_image": "",
      "use_featured_image": "",
      "insert_into_item": "Inserisci in news",
      "uploaded_to_this_item": "Caricato in questo/a news",
      "filter_items_list": "Filtrare l'elenco di newss",
      "filter_by_date": "Filtra newss per data",
      "items_list_navigation": "Navigazione elenco Newss",
      "items_list": "Elenco Newss",
      "item_published": "News pubblicato/a.",
      "item_published_privately": "News pubblicato/a privatamente.",
      "item_reverted_to_draft": "News riconvertito/a in bozza.",
      "item_scheduled": "News programmato/a.",
      "item_updated": "News aggiornato/a.",
      "item_link": "Link News",
      "item_link_description": "Un link a un/a news."
    },
    "description": "",
    "public": true,
    "hierarchical": false,
    "exclude_from_search": false,
    "publicly_queryable": true,
    "show_ui": true,
    "show_in_menu": true,
    "admin_menu_parent": "cmn_web_content",
    "show_in_admin_bar": true,
    "show_in_nav_menus": true,
    "show_in_rest": true,
    "rest_base": "",
    "rest_namespace": "wp/v2",
    "rest_controller_class": "WP_REST_Posts_Controller",
    "menu_position": "",
    "menu_icon": "",
    "rename_capabilities": false,
    "singular_capability_name": "post",
    "plural_capability_name": "posts",
    "supports": [
      "title",
      "thumbnail",
      "custom-fields"
    ],
    "taxonomies": [
      "12714_category"
    ],
    "has_archive": false,
    "has_archive_slug": "",
    "rewrite": {
      "permalink_rewrite": "post_type_key",
      "with_front": "1",
      "feeds": "0",
      "pages": "1"
    },
    "query_var": "post_type_key",
    "query_var_name": "",
    "can_export": true,
    "delete_with_user": false,
    "register_meta_box_cb": "",
    "enter_title_here": ""
  }
]