[
  {
    "key": "1480743_post_type",
    "title": "WebTvs",
    "menu_order": 0,
    "active": true,
    "post_type": "1480743",
    "advanced_configuration": true,
    "import_source": "",
    "import_date": "",
    "labels": {
      "name": "WebTvs",
      "singular_name": "WebTv",
      "menu_name": "WebTvs",
      "all_items": "Tutti/e gli/le WebTvs",
      "edit_item": "Modifica WebTv",
      "view_item": "Visualizza WebTv",
      "view_items": "Visualizza WebTvs",
      "add_new_item": "Aggiungi nuovo/a WebTv",
      "add_new": "Aggiungi nuovo/a WebTv",
      "new_item": "Nuovo/a WebTv",
      "parent_item_colon": "WebTv genitore:",
      "search_items": "Cerca WebTvs",
      "not_found": "Non abbiamo trovato webtvs",
      "not_found_in_trash": "Non ci sono webtvs nel cestino",
      "archives": "Archivi WebTvs",
      "attributes": "Attributi WebTv",
      "featured_image": "",
      "set_featured_image": "",
      "remove_featured_image": "",
      "use_featured_image": "",
      "insert_into_item": "Inserisci in webtv",
      "uploaded_to_this_item": "Caricato in questo/a webtv",
      "filter_items_list": "Filtrare l'elenco di webtvs",
      "filter_by_date": "Filtra webtvs per data",
      "items_list_navigation": "Navigazione elenco WebTvs",
      "items_list": "Elenco WebTvs",
      "item_published": "WebTv pubblicato/a.",
      "item_published_privately": "WebTv pubblicato/a privatamente.",
      "item_reverted_to_draft": "WebTv riconvertito/a in bozza.",
      "item_scheduled": "WebTv programmato/a.",
      "item_updated": "WebTv aggiornato/a.",
      "item_link": "Link WebTv",
      "item_link_description": "Un link a un/a webtv."
    },
    "description": "",
    "public": true,
    "hierarchical": false,
    "exclude_from_search": false,
    "publicly_queryable": true,
    "show_ui": true,
    "show_in_menu": true,
    "admin_menu_parent": "cmn_web_content",
    "show_in_admin_bar": true,
    "show_in_nav_menus": true,
    "show_in_rest": true,
    "rest_base": "",
    "rest_namespace": "wp/v2",
    "rest_controller_class": "WP_REST_Posts_Controller",
    "menu_position": "",
    "menu_icon": "",
    "rename_capabilities": false,
    "singular_capability_name": "post",
    "plural_capability_name": "posts",
    "supports": [
      "title",
      "thumbnail",
      "custom-fields"
    ],
    "taxonomies": [
      "1480743_category"
    ],
    "has_archive": false,
    "has_archive_slug": "",
    "rewrite": {
      "permalink_rewrite": "post_type_key",
      "with_front": "1",
      "feeds": "0",
      "pages": "1"
    },
    "query_var": "post_type_key",
    "query_var_name": "",
    "can_export": true,
    "delete_with_user": false,
    "register_meta_box_cb": "",
    "enter_title_here": ""
  }
]