[
  {
    "key": "6607674_post_type",
    "title": "Progetti-a.3 - Autostrade digitalis",
    "menu_order": 0,
    "active": true,
    "post_type": "6607674",
    "advanced_configuration": true,
    "import_source": "",
    "import_date": "",
    "labels": {
      "name": "Progetti-a.3 - Autostrade digitalis",
      "singular_name": "Progetti-a.3 - Autostrade digitali",
      "menu_name": "Progetti-a.3 - Autostrade digitalis",
      "all_items": "Tutti/e gli/le Progetti-a.3 - Autostrade digitalis",
      "edit_item": "Modifica Progetti-a.3 - Autostrade digitali",
      "view_item": "Visualizza Progetti-a.3 - Autostrade digitali",
      "view_items": "Visualizza Progetti-a.3 - Autostrade digitalis",
      "add_new_item": "Aggiungi nuovo/a Progetti-a.3 - Autostrade digitali",
      "add_new": "Aggiungi nuovo/a Progetti-a.3 - Autostrade digitali",
      "new_item": "Nuovo/a Progetti-a.3 - Autostrade digitali",
      "parent_item_colon": "Progetti-a.3 - Autostrade digitali genitore:",
      "search_items": "Cerca Progetti-a.3 - Autostrade digitalis",
      "not_found": "Non abbiamo trovato progetti-a.3 - autostrade digitalis",
      "not_found_in_trash": "Non ci sono progetti-a.3 - autostrade digitalis nel cestino",
      "archives": "Archivi Progetti-a.3 - Autostrade digitalis",
      "attributes": "Attributi Progetti-a.3 - Autostrade digitali",
      "featured_image": "",
      "set_featured_image": "",
      "remove_featured_image": "",
      "use_featured_image": "",
      "insert_into_item": "Inserisci in progetti-a.3 - autostrade digitali",
      "uploaded_to_this_item": "Caricato in questo/a progetti-a.3 - autostrade digitali",
      "filter_items_list": "Filtrare l'elenco di progetti-a.3 - autostrade digitalis",
      "filter_by_date": "Filtra progetti-a.3 - autostrade digitalis per data",
      "items_list_navigation": "Navigazione elenco Progetti-a.3 - Autostrade digitalis",
      "items_list": "Elenco Progetti-a.3 - Autostrade digitalis",
      "item_published": "Progetti-a.3 - Autostrade digitali pubblicato/a.",
      "item_published_privately": "Progetti-a.3 - Autostrade digitali pubblicato/a privatamente.",
      "item_reverted_to_draft": "Progetti-a.3 - Autostrade digitali riconvertito/a in bozza.",
      "item_scheduled": "Progetti-a.3 - Autostrade digitali programmato/a.",
      "item_updated": "Progetti-a.3 - Autostrade digitali aggiornato/a.",
      "item_link": "Link Progetti-a.3 - Autostrade digitali",
      "item_link_description": "Un link a un/a progetti-a.3 - autostrade digitali."
    },
    "description": "",
    "public": true,
    "hierarchical": false,
    "exclude_from_search": false,
    "publicly_queryable": true,
    "show_ui": true,
    "show_in_menu": true,
    "admin_menu_parent": "cmn_web_content",
    "show_in_admin_bar": true,
    "show_in_nav_menus": true,
    "show_in_rest": true,
    "rest_base": "",
    "rest_namespace": "wp/v2",
    "rest_controller_class": "WP_REST_Posts_Controller",
    "menu_position": "",
    "menu_icon": "",
    "rename_capabilities": false,
    "singular_capability_name": "post",
    "plural_capability_name": "posts",
    "supports": [
      "title",
      "thumbnail",
      "custom-fields"
    ],
    "taxonomies": [
      "6607674_category"
    ],
    "has_archive": false,
    "has_archive_slug": "",
    "rewrite": {
      "permalink_rewrite": "post_type_key",
      "with_front": "1",
      "feeds": "0",
      "pages": "1"
    },
    "query_var": "post_type_key",
    "query_var_name": "",
    "can_export": true,
    "delete_with_user": false,
    "register_meta_box_cb": "",
    "enter_title_here": ""
  }
]