[
  {
    "key": "38174_post_type",
    "title": "Servizii",
    "menu_order": 0,
    "active": true,
    "post_type": "38174",
    "advanced_configuration": true,
    "import_source": "",
    "import_date": "",
    "labels": {
      "name": "Servizii",
      "singular_name": "Servizio",
      "menu_name": "Servizii",
      "all_items": "Tutti/e gli/le Servizii",
      "edit_item": "Modifica Servizio",
      "view_item": "Visualizza Servizio",
      "view_items": "Visualizza Servizii",
      "add_new_item": "Aggiungi nuovo/a Servizio",
      "add_new": "Aggiungi nuovo/a Servizio",
      "new_item": "Nuovo/a Servizio",
      "parent_item_colon": "Servizio genitore:",
      "search_items": "Cerca Servizii",
      "not_found": "Non abbiamo trovato servizii",
      "not_found_in_trash": "Non ci sono servizii nel cestino",
      "archives": "Archivi Servizii",
      "attributes": "Attributi Servizio",
      "featured_image": "",
      "set_featured_image": "",
      "remove_featured_image": "",
      "use_featured_image": "",
      "insert_into_item": "Inserisci in servizio",
      "uploaded_to_this_item": "Caricato in questo/a servizio",
      "filter_items_list": "Filtrare l'elenco di servizii",
      "filter_by_date": "Filtra servizii per data",
      "items_list_navigation": "Navigazione elenco Servizii",
      "items_list": "Elenco Servizii",
      "item_published": "Servizio pubblicato/a.",
      "item_published_privately": "Servizio pubblicato/a privatamente.",
      "item_reverted_to_draft": "Servizio riconvertito/a in bozza.",
      "item_scheduled": "Servizio programmato/a.",
      "item_updated": "Servizio aggiornato/a.",
      "item_link": "Link Servizio",
      "item_link_description": "Un link a un/a servizio."
    },
    "description": "",
    "public": true,
    "hierarchical": false,
    "exclude_from_search": false,
    "publicly_queryable": true,
    "show_ui": true,
    "show_in_menu": true,
    "admin_menu_parent": "cmn_web_content",
    "show_in_admin_bar": true,
    "show_in_nav_menus": true,
    "show_in_rest": true,
    "rest_base": "",
    "rest_namespace": "wp/v2",
    "rest_controller_class": "WP_REST_Posts_Controller",
    "menu_position": "",
    "menu_icon": "",
    "rename_capabilities": false,
    "singular_capability_name": "post",
    "plural_capability_name": "posts",
    "supports": [
      "title",
      "thumbnail",
      "custom-fields"
    ],
    "taxonomies": [
      "38174_category"
    ],
    "has_archive": false,
    "has_archive_slug": "",
    "rewrite": {
      "permalink_rewrite": "post_type_key",
      "with_front": "1",
      "feeds": "0",
      "pages": "1"
    },
    "query_var": "post_type_key",
    "query_var_name": "",
    "can_export": true,
    "delete_with_user": false,
    "register_meta_box_cb": "",
    "enter_title_here": ""
  }
]