[
  {
    "key": "12601_post_type",
    "title": "Attivitàs",
    "menu_order": 0,
    "active": true,
    "post_type": "12601",
    "advanced_configuration": true,
    "import_source": "",
    "import_date": "",
    "labels": {
      "name": "Attivitàs",
      "singular_name": "Attività",
      "menu_name": "Attivitàs",
      "all_items": "Tutti/e gli/le Attivitàs",
      "edit_item": "Modifica Attività",
      "view_item": "Visualizza Attività",
      "view_items": "Visualizza Attivitàs",
      "add_new_item": "Aggiungi nuovo/a Attività",
      "add_new": "Aggiungi nuovo/a Attività",
      "new_item": "Nuovo/a Attività",
      "parent_item_colon": "Attività genitore:",
      "search_items": "Cerca Attivitàs",
      "not_found": "Non abbiamo trovato attivitàs",
      "not_found_in_trash": "Non ci sono attivitàs nel cestino",
      "archives": "Archivi Attivitàs",
      "attributes": "Attributi Attività",
      "featured_image": "",
      "set_featured_image": "",
      "remove_featured_image": "",
      "use_featured_image": "",
      "insert_into_item": "Inserisci in attività",
      "uploaded_to_this_item": "Caricato in questo/a attività",
      "filter_items_list": "Filtrare l'elenco di attivitàs",
      "filter_by_date": "Filtra attivitàs per data",
      "items_list_navigation": "Navigazione elenco Attivitàs",
      "items_list": "Elenco Attivitàs",
      "item_published": "Attività pubblicato/a.",
      "item_published_privately": "Attività pubblicato/a privatamente.",
      "item_reverted_to_draft": "Attività riconvertito/a in bozza.",
      "item_scheduled": "Attività programmato/a.",
      "item_updated": "Attività aggiornato/a.",
      "item_link": "Link Attività",
      "item_link_description": "Un link a un/a attività."
    },
    "description": "",
    "public": true,
    "hierarchical": false,
    "exclude_from_search": false,
    "publicly_queryable": true,
    "show_ui": true,
    "show_in_menu": true,
    "admin_menu_parent": "cmn_other",
    "show_in_admin_bar": true,
    "show_in_nav_menus": true,
    "show_in_rest": true,
    "rest_base": "",
    "rest_namespace": "wp/v2",
    "rest_controller_class": "WP_REST_Posts_Controller",
    "menu_position": "",
    "menu_icon": "",
    "rename_capabilities": false,
    "singular_capability_name": "post",
    "plural_capability_name": "posts",
    "supports": [
      "title",
      "thumbnail",
      "custom-fields"
    ],
    "taxonomies": [
      "12601_category"
    ],
    "has_archive": false,
    "has_archive_slug": "",
    "rewrite": {
      "permalink_rewrite": "post_type_key",
      "with_front": "1",
      "feeds": "0",
      "pages": "1"
    },
    "query_var": "post_type_key",
    "query_var_name": "",
    "can_export": true,
    "delete_with_user": false,
    "register_meta_box_cb": "",
    "enter_title_here": ""
  }
]