[
  {
    "key": "79850_post_type",
    "title": "Ipotesi e",
    "menu_order": 0,
    "active": true,
    "post_type": "79850",
    "advanced_configuration": true,
    "import_source": "",
    "import_date": "",
    "labels": {
      "name": "Ipotesi e",
      "singular_name": "Ipotesi A",
      "menu_name": "Ipotesi e",
      "all_items": "Tutti/e gli/le Ipotesi e",
      "edit_item": "Modifica Ipotesi A",
      "view_item": "Visualizza Ipotesi A",
      "view_items": "Visualizza Ipotesi e",
      "add_new_item": "Aggiungi nuovo/a Ipotesi A",
      "add_new": "Aggiungi nuovo/a Ipotesi A",
      "new_item": "Nuovo/a Ipotesi A",
      "parent_item_colon": "Ipotesi A genitore:",
      "search_items": "Cerca Ipotesi e",
      "not_found": "Non abbiamo trovato ipotesi e",
      "not_found_in_trash": "Non ci sono ipotesi e nel cestino",
      "archives": "Archivi Ipotesi e",
      "attributes": "Attributi Ipotesi A",
      "featured_image": "",
      "set_featured_image": "",
      "remove_featured_image": "",
      "use_featured_image": "",
      "insert_into_item": "Inserisci in ipotesi a",
      "uploaded_to_this_item": "Caricato in questo/a ipotesi a",
      "filter_items_list": "Filtrare l'elenco di ipotesi e",
      "filter_by_date": "Filtra ipotesi e per data",
      "items_list_navigation": "Navigazione elenco Ipotesi e",
      "items_list": "Elenco Ipotesi e",
      "item_published": "Ipotesi A pubblicato/a.",
      "item_published_privately": "Ipotesi A pubblicato/a privatamente.",
      "item_reverted_to_draft": "Ipotesi A riconvertito/a in bozza.",
      "item_scheduled": "Ipotesi A programmato/a.",
      "item_updated": "Ipotesi A aggiornato/a.",
      "item_link": "Link Ipotesi A",
      "item_link_description": "Un link a un/a ipotesi a."
    },
    "description": "",
    "public": true,
    "hierarchical": false,
    "exclude_from_search": false,
    "publicly_queryable": true,
    "show_ui": true,
    "show_in_menu": true,
    "admin_menu_parent": "cmn_other",
    "show_in_admin_bar": true,
    "show_in_nav_menus": true,
    "show_in_rest": true,
    "rest_base": "",
    "rest_namespace": "wp/v2",
    "rest_controller_class": "WP_REST_Posts_Controller",
    "menu_position": "",
    "menu_icon": "",
    "rename_capabilities": false,
    "singular_capability_name": "post",
    "plural_capability_name": "posts",
    "supports": [
      "title",
      "thumbnail",
      "custom-fields"
    ],
    "taxonomies": [
      "79850_category"
    ],
    "has_archive": false,
    "has_archive_slug": "",
    "rewrite": {
      "permalink_rewrite": "post_type_key",
      "with_front": "1",
      "feeds": "0",
      "pages": "1"
    },
    "query_var": "post_type_key",
    "query_var_name": "",
    "can_export": true,
    "delete_with_user": false,
    "register_meta_box_cb": "",
    "enter_title_here": ""
  }
]