[
  {
    "key": "1732111_post_type",
    "title": "struttura determine a contrarri",
    "menu_order": 0,
    "active": true,
    "post_type": "1732111",
    "advanced_configuration": true,
    "import_source": "",
    "import_date": "",
    "labels": {
      "name": "struttura determine a contrarri",
      "singular_name": "struttura determine a contrarre",
      "menu_name": "struttura determine a contrarri",
      "all_items": "Tutti/e gli/le struttura determine a contrarri",
      "edit_item": "Modifica struttura determine a contrarre",
      "view_item": "Visualizza struttura determine a contrarre",
      "view_items": "Visualizza struttura determine a contrarri",
      "add_new_item": "Aggiungi nuovo/a struttura determine a contrarre",
      "add_new": "Aggiungi nuovo/a struttura determine a contrarre",
      "new_item": "Nuovo/a struttura determine a contrarre",
      "parent_item_colon": "struttura determine a contrarre genitore:",
      "search_items": "Cerca struttura determine a contrarri",
      "not_found": "Non abbiamo trovato struttura determine a contrarri",
      "not_found_in_trash": "Non ci sono struttura determine a contrarri nel cestino",
      "archives": "Archivi struttura determine a contrarri",
      "attributes": "Attributi struttura determine a contrarre",
      "featured_image": "",
      "set_featured_image": "",
      "remove_featured_image": "",
      "use_featured_image": "",
      "insert_into_item": "Inserisci in struttura determine a contrarre",
      "uploaded_to_this_item": "Caricato in questo/a struttura determine a contrarre",
      "filter_items_list": "Filtrare l'elenco di struttura determine a contrarri",
      "filter_by_date": "Filtra struttura determine a contrarri per data",
      "items_list_navigation": "Navigazione elenco struttura determine a contrarri",
      "items_list": "Elenco struttura determine a contrarri",
      "item_published": "struttura determine a contrarre pubblicato/a.",
      "item_published_privately": "struttura determine a contrarre pubblicato/a privatamente.",
      "item_reverted_to_draft": "struttura determine a contrarre riconvertito/a in bozza.",
      "item_scheduled": "struttura determine a contrarre programmato/a.",
      "item_updated": "struttura determine a contrarre aggiornato/a.",
      "item_link": "Link struttura determine a contrarre",
      "item_link_description": "Un link a un/a struttura determine a contrarre."
    },
    "description": "",
    "public": true,
    "hierarchical": false,
    "exclude_from_search": false,
    "publicly_queryable": true,
    "show_ui": true,
    "show_in_menu": true,
    "admin_menu_parent": "cmn_web_content",
    "show_in_admin_bar": true,
    "show_in_nav_menus": true,
    "show_in_rest": true,
    "rest_base": "",
    "rest_namespace": "wp/v2",
    "rest_controller_class": "WP_REST_Posts_Controller",
    "menu_position": "",
    "menu_icon": "",
    "rename_capabilities": false,
    "singular_capability_name": "post",
    "plural_capability_name": "posts",
    "supports": [
      "title",
      "thumbnail",
      "custom-fields"
    ],
    "taxonomies": [
      "1732111_category"
    ],
    "has_archive": false,
    "has_archive_slug": "",
    "rewrite": {
      "permalink_rewrite": "post_type_key",
      "with_front": "1",
      "feeds": "0",
      "pages": "1"
    },
    "query_var": "post_type_key",
    "query_var_name": "",
    "can_export": true,
    "delete_with_user": false,
    "register_meta_box_cb": "",
    "enter_title_here": ""
  }
]