[
  {
    "key": "23891_post_type",
    "title": "Area Funzionale 01s",
    "menu_order": 0,
    "active": true,
    "post_type": "23891",
    "advanced_configuration": true,
    "import_source": "",
    "import_date": "",
    "labels": {
      "name": "Area Funzionale 01s",
      "singular_name": "Area Funzionale 01",
      "menu_name": "Area Funzionale 01s",
      "all_items": "Tutti/e gli/le Area Funzionale 01s",
      "edit_item": "Modifica Area Funzionale 01",
      "view_item": "Visualizza Area Funzionale 01",
      "view_items": "Visualizza Area Funzionale 01s",
      "add_new_item": "Aggiungi nuovo/a Area Funzionale 01",
      "add_new": "Aggiungi nuovo/a Area Funzionale 01",
      "new_item": "Nuovo/a Area Funzionale 01",
      "parent_item_colon": "Area Funzionale 01 genitore:",
      "search_items": "Cerca Area Funzionale 01s",
      "not_found": "Non abbiamo trovato area funzionale 01s",
      "not_found_in_trash": "Non ci sono area funzionale 01s nel cestino",
      "archives": "Archivi Area Funzionale 01s",
      "attributes": "Attributi Area Funzionale 01",
      "featured_image": "",
      "set_featured_image": "",
      "remove_featured_image": "",
      "use_featured_image": "",
      "insert_into_item": "Inserisci in area funzionale 01",
      "uploaded_to_this_item": "Caricato in questo/a area funzionale 01",
      "filter_items_list": "Filtrare l'elenco di area funzionale 01s",
      "filter_by_date": "Filtra area funzionale 01s per data",
      "items_list_navigation": "Navigazione elenco Area Funzionale 01s",
      "items_list": "Elenco Area Funzionale 01s",
      "item_published": "Area Funzionale 01 pubblicato/a.",
      "item_published_privately": "Area Funzionale 01 pubblicato/a privatamente.",
      "item_reverted_to_draft": "Area Funzionale 01 riconvertito/a in bozza.",
      "item_scheduled": "Area Funzionale 01 programmato/a.",
      "item_updated": "Area Funzionale 01 aggiornato/a.",
      "item_link": "Link Area Funzionale 01",
      "item_link_description": "Un link a un/a area funzionale 01."
    },
    "description": "",
    "public": true,
    "hierarchical": false,
    "exclude_from_search": false,
    "publicly_queryable": true,
    "show_ui": true,
    "show_in_menu": true,
    "admin_menu_parent": "cmn_web_content",
    "show_in_admin_bar": true,
    "show_in_nav_menus": true,
    "show_in_rest": true,
    "rest_base": "",
    "rest_namespace": "wp/v2",
    "rest_controller_class": "WP_REST_Posts_Controller",
    "menu_position": "",
    "menu_icon": "",
    "rename_capabilities": false,
    "singular_capability_name": "post",
    "plural_capability_name": "posts",
    "supports": [
      "title",
      "thumbnail",
      "custom-fields"
    ],
    "taxonomies": [
      "23891_category"
    ],
    "has_archive": false,
    "has_archive_slug": "",
    "rewrite": {
      "permalink_rewrite": "post_type_key",
      "with_front": "1",
      "feeds": "0",
      "pages": "1"
    },
    "query_var": "post_type_key",
    "query_var_name": "",
    "can_export": true,
    "delete_with_user": false,
    "register_meta_box_cb": "",
    "enter_title_here": ""
  }
]