[
  {
    "key": "80249_post_type",
    "title": "Rete museale metropolitane",
    "menu_order": 0,
    "active": true,
    "post_type": "80249",
    "advanced_configuration": true,
    "import_source": "",
    "import_date": "",
    "labels": {
      "name": "Rete museale metropolitane",
      "singular_name": "Rete museale metropolitana",
      "menu_name": "Rete museale metropolitane",
      "all_items": "Tutti/e gli/le Rete museale metropolitane",
      "edit_item": "Modifica Rete museale metropolitana",
      "view_item": "Visualizza Rete museale metropolitana",
      "view_items": "Visualizza Rete museale metropolitane",
      "add_new_item": "Aggiungi nuovo/a Rete museale metropolitana",
      "add_new": "Aggiungi nuovo/a Rete museale metropolitana",
      "new_item": "Nuovo/a Rete museale metropolitana",
      "parent_item_colon": "Rete museale metropolitana genitore:",
      "search_items": "Cerca Rete museale metropolitane",
      "not_found": "Non abbiamo trovato rete museale metropolitane",
      "not_found_in_trash": "Non ci sono rete museale metropolitane nel cestino",
      "archives": "Archivi Rete museale metropolitane",
      "attributes": "Attributi Rete museale metropolitana",
      "featured_image": "",
      "set_featured_image": "",
      "remove_featured_image": "",
      "use_featured_image": "",
      "insert_into_item": "Inserisci in rete museale metropolitana",
      "uploaded_to_this_item": "Caricato in questo/a rete museale metropolitana",
      "filter_items_list": "Filtrare l'elenco di rete museale metropolitane",
      "filter_by_date": "Filtra rete museale metropolitane per data",
      "items_list_navigation": "Navigazione elenco Rete museale metropolitane",
      "items_list": "Elenco Rete museale metropolitane",
      "item_published": "Rete museale metropolitana pubblicato/a.",
      "item_published_privately": "Rete museale metropolitana pubblicato/a privatamente.",
      "item_reverted_to_draft": "Rete museale metropolitana riconvertito/a in bozza.",
      "item_scheduled": "Rete museale metropolitana programmato/a.",
      "item_updated": "Rete museale metropolitana aggiornato/a.",
      "item_link": "Link Rete museale metropolitana",
      "item_link_description": "Un link a un/a rete museale metropolitana."
    },
    "description": "<?xml version='1.0' encoding='UTF-8'?><root available-locales=\"it_IT\" default-locale=\"it_IT\"><Description language-id=\"it_IT\">Rete museale metropolitana</Description></root>",
    "public": true,
    "hierarchical": false,
    "exclude_from_search": false,
    "publicly_queryable": true,
    "show_ui": true,
    "show_in_menu": true,
    "admin_menu_parent": "cmn_other",
    "show_in_admin_bar": true,
    "show_in_nav_menus": true,
    "show_in_rest": true,
    "rest_base": "",
    "rest_namespace": "wp/v2",
    "rest_controller_class": "WP_REST_Posts_Controller",
    "menu_position": "",
    "menu_icon": "",
    "rename_capabilities": false,
    "singular_capability_name": "post",
    "plural_capability_name": "posts",
    "supports": [
      "title",
      "thumbnail",
      "custom-fields"
    ],
    "taxonomies": [
      "80249_category"
    ],
    "has_archive": false,
    "has_archive_slug": "",
    "rewrite": {
      "permalink_rewrite": "post_type_key",
      "with_front": "1",
      "feeds": "0",
      "pages": "1"
    },
    "query_var": "post_type_key",
    "query_var_name": "",
    "can_export": true,
    "delete_with_user": false,
    "register_meta_box_cb": "",
    "enter_title_here": ""
  }
]