[
  {
    "key": "8014255_post_type",
    "title": "Strutt2s",
    "menu_order": 0,
    "active": true,
    "post_type": "8014255",
    "advanced_configuration": true,
    "import_source": "",
    "import_date": "",
    "labels": {
      "name": "Strutt2s",
      "singular_name": "Strutt2",
      "menu_name": "Strutt2s",
      "all_items": "Tutti/e gli/le Strutt2s",
      "edit_item": "Modifica Strutt2",
      "view_item": "Visualizza Strutt2",
      "view_items": "Visualizza Strutt2s",
      "add_new_item": "Aggiungi nuovo/a Strutt2",
      "add_new": "Aggiungi nuovo/a Strutt2",
      "new_item": "Nuovo/a Strutt2",
      "parent_item_colon": "Strutt2 genitore:",
      "search_items": "Cerca Strutt2s",
      "not_found": "Non abbiamo trovato strutt2s",
      "not_found_in_trash": "Non ci sono strutt2s nel cestino",
      "archives": "Archivi Strutt2s",
      "attributes": "Attributi Strutt2",
      "featured_image": "",
      "set_featured_image": "",
      "remove_featured_image": "",
      "use_featured_image": "",
      "insert_into_item": "Inserisci in strutt2",
      "uploaded_to_this_item": "Caricato in questo/a strutt2",
      "filter_items_list": "Filtrare l'elenco di strutt2s",
      "filter_by_date": "Filtra strutt2s per data",
      "items_list_navigation": "Navigazione elenco Strutt2s",
      "items_list": "Elenco Strutt2s",
      "item_published": "Strutt2 pubblicato/a.",
      "item_published_privately": "Strutt2 pubblicato/a privatamente.",
      "item_reverted_to_draft": "Strutt2 riconvertito/a in bozza.",
      "item_scheduled": "Strutt2 programmato/a.",
      "item_updated": "Strutt2 aggiornato/a.",
      "item_link": "Link Strutt2",
      "item_link_description": "Un link a un/a strutt2."
    },
    "description": "",
    "public": true,
    "hierarchical": false,
    "exclude_from_search": false,
    "publicly_queryable": true,
    "show_ui": true,
    "show_in_menu": true,
    "admin_menu_parent": "cmn_web_content",
    "show_in_admin_bar": true,
    "show_in_nav_menus": true,
    "show_in_rest": true,
    "rest_base": "",
    "rest_namespace": "wp/v2",
    "rest_controller_class": "WP_REST_Posts_Controller",
    "menu_position": "",
    "menu_icon": "",
    "rename_capabilities": false,
    "singular_capability_name": "post",
    "plural_capability_name": "posts",
    "supports": [
      "title",
      "thumbnail",
      "custom-fields"
    ],
    "taxonomies": [
      "8014255_category"
    ],
    "has_archive": false,
    "has_archive_slug": "",
    "rewrite": {
      "permalink_rewrite": "post_type_key",
      "with_front": "1",
      "feeds": "0",
      "pages": "1"
    },
    "query_var": "post_type_key",
    "query_var_name": "",
    "can_export": true,
    "delete_with_user": false,
    "register_meta_box_cb": "",
    "enter_title_here": ""
  }
]