[
  {
    "key": "6607676_post_type",
    "title": "Progetti-b.1 - Consumo di suolo Zeri",
    "menu_order": 0,
    "active": true,
    "post_type": "6607676",
    "advanced_configuration": true,
    "import_source": "",
    "import_date": "",
    "labels": {
      "name": "Progetti-b.1 - Consumo di suolo Zeri",
      "singular_name": "Progetti-b.1 - Consumo di suolo Zero",
      "menu_name": "Progetti-b.1 - Consumo di suolo Zeri",
      "all_items": "Tutti/e gli/le Progetti-b.1 - Consumo di suolo Zeri",
      "edit_item": "Modifica Progetti-b.1 - Consumo di suolo Zero",
      "view_item": "Visualizza Progetti-b.1 - Consumo di suolo Zero",
      "view_items": "Visualizza Progetti-b.1 - Consumo di suolo Zeri",
      "add_new_item": "Aggiungi nuovo/a Progetti-b.1 - Consumo di suolo Zero",
      "add_new": "Aggiungi nuovo/a Progetti-b.1 - Consumo di suolo Zero",
      "new_item": "Nuovo/a Progetti-b.1 - Consumo di suolo Zero",
      "parent_item_colon": "Progetti-b.1 - Consumo di suolo Zero genitore:",
      "search_items": "Cerca Progetti-b.1 - Consumo di suolo Zeri",
      "not_found": "Non abbiamo trovato progetti-b.1 - consumo di suolo zeri",
      "not_found_in_trash": "Non ci sono progetti-b.1 - consumo di suolo zeri nel cestino",
      "archives": "Archivi Progetti-b.1 - Consumo di suolo Zeri",
      "attributes": "Attributi Progetti-b.1 - Consumo di suolo Zero",
      "featured_image": "",
      "set_featured_image": "",
      "remove_featured_image": "",
      "use_featured_image": "",
      "insert_into_item": "Inserisci in progetti-b.1 - consumo di suolo zero",
      "uploaded_to_this_item": "Caricato in questo/a progetti-b.1 - consumo di suolo zero",
      "filter_items_list": "Filtrare l'elenco di progetti-b.1 - consumo di suolo zeri",
      "filter_by_date": "Filtra progetti-b.1 - consumo di suolo zeri per data",
      "items_list_navigation": "Navigazione elenco Progetti-b.1 - Consumo di suolo Zeri",
      "items_list": "Elenco Progetti-b.1 - Consumo di suolo Zeri",
      "item_published": "Progetti-b.1 - Consumo di suolo Zero pubblicato/a.",
      "item_published_privately": "Progetti-b.1 - Consumo di suolo Zero pubblicato/a privatamente.",
      "item_reverted_to_draft": "Progetti-b.1 - Consumo di suolo Zero riconvertito/a in bozza.",
      "item_scheduled": "Progetti-b.1 - Consumo di suolo Zero programmato/a.",
      "item_updated": "Progetti-b.1 - Consumo di suolo Zero aggiornato/a.",
      "item_link": "Link Progetti-b.1 - Consumo di suolo Zero",
      "item_link_description": "Un link a un/a progetti-b.1 - consumo di suolo zero."
    },
    "description": "",
    "public": true,
    "hierarchical": false,
    "exclude_from_search": false,
    "publicly_queryable": true,
    "show_ui": true,
    "show_in_menu": true,
    "admin_menu_parent": "cmn_web_content",
    "show_in_admin_bar": true,
    "show_in_nav_menus": true,
    "show_in_rest": true,
    "rest_base": "",
    "rest_namespace": "wp/v2",
    "rest_controller_class": "WP_REST_Posts_Controller",
    "menu_position": "",
    "menu_icon": "",
    "rename_capabilities": false,
    "singular_capability_name": "post",
    "plural_capability_name": "posts",
    "supports": [
      "title",
      "thumbnail",
      "custom-fields"
    ],
    "taxonomies": [
      "6607676_category"
    ],
    "has_archive": false,
    "has_archive_slug": "",
    "rewrite": {
      "permalink_rewrite": "post_type_key",
      "with_front": "1",
      "feeds": "0",
      "pages": "1"
    },
    "query_var": "post_type_key",
    "query_var_name": "",
    "can_export": true,
    "delete_with_user": false,
    "register_meta_box_cb": "",
    "enter_title_here": ""
  }
]