[
  {
    "key": "8794282_post_type",
    "title": "Menùs",
    "menu_order": 0,
    "active": true,
    "post_type": "8794282",
    "advanced_configuration": true,
    "import_source": "",
    "import_date": "",
    "labels": {
      "name": "Menùs",
      "singular_name": "Menù",
      "menu_name": "Menùs",
      "all_items": "Tutti/e gli/le Menùs",
      "edit_item": "Modifica Menù",
      "view_item": "Visualizza Menù",
      "view_items": "Visualizza Menùs",
      "add_new_item": "Aggiungi nuovo/a Menù",
      "add_new": "Aggiungi nuovo/a Menù",
      "new_item": "Nuovo/a Menù",
      "parent_item_colon": "Menù genitore:",
      "search_items": "Cerca Menùs",
      "not_found": "Non abbiamo trovato menùs",
      "not_found_in_trash": "Non ci sono menùs nel cestino",
      "archives": "Archivi Menùs",
      "attributes": "Attributi Menù",
      "featured_image": "",
      "set_featured_image": "",
      "remove_featured_image": "",
      "use_featured_image": "",
      "insert_into_item": "Inserisci in menù",
      "uploaded_to_this_item": "Caricato in questo/a menù",
      "filter_items_list": "Filtrare l'elenco di menùs",
      "filter_by_date": "Filtra menùs per data",
      "items_list_navigation": "Navigazione elenco Menùs",
      "items_list": "Elenco Menùs",
      "item_published": "Menù pubblicato/a.",
      "item_published_privately": "Menù pubblicato/a privatamente.",
      "item_reverted_to_draft": "Menù riconvertito/a in bozza.",
      "item_scheduled": "Menù programmato/a.",
      "item_updated": "Menù aggiornato/a.",
      "item_link": "Link Menù",
      "item_link_description": "Un link a un/a menù."
    },
    "description": "",
    "public": true,
    "hierarchical": false,
    "exclude_from_search": false,
    "publicly_queryable": true,
    "show_ui": true,
    "show_in_menu": true,
    "admin_menu_parent": "cmn_other",
    "show_in_admin_bar": true,
    "show_in_nav_menus": true,
    "show_in_rest": true,
    "rest_base": "",
    "rest_namespace": "wp/v2",
    "rest_controller_class": "WP_REST_Posts_Controller",
    "menu_position": "",
    "menu_icon": "",
    "rename_capabilities": false,
    "singular_capability_name": "post",
    "plural_capability_name": "posts",
    "supports": [
      "title",
      "thumbnail",
      "custom-fields"
    ],
    "taxonomies": [
      "8794282_category"
    ],
    "has_archive": false,
    "has_archive_slug": "",
    "rewrite": {
      "permalink_rewrite": "post_type_key",
      "with_front": "1",
      "feeds": "0",
      "pages": "1"
    },
    "query_var": "post_type_key",
    "query_var_name": "",
    "can_export": true,
    "delete_with_user": false,
    "register_meta_box_cb": "",
    "enter_title_here": ""
  }
]