[
  {
    "key": "2712079_post_type",
    "title": "News_Fixs",
    "menu_order": 0,
    "active": true,
    "post_type": "2712079",
    "advanced_configuration": true,
    "import_source": "",
    "import_date": "",
    "labels": {
      "name": "News_Fixs",
      "singular_name": "News_Fix",
      "menu_name": "News_Fixs",
      "all_items": "Tutti/e gli/le News_Fixs",
      "edit_item": "Modifica News_Fix",
      "view_item": "Visualizza News_Fix",
      "view_items": "Visualizza News_Fixs",
      "add_new_item": "Aggiungi nuovo/a News_Fix",
      "add_new": "Aggiungi nuovo/a News_Fix",
      "new_item": "Nuovo/a News_Fix",
      "parent_item_colon": "News_Fix genitore:",
      "search_items": "Cerca News_Fixs",
      "not_found": "Non abbiamo trovato news_fixs",
      "not_found_in_trash": "Non ci sono news_fixs nel cestino",
      "archives": "Archivi News_Fixs",
      "attributes": "Attributi News_Fix",
      "featured_image": "",
      "set_featured_image": "",
      "remove_featured_image": "",
      "use_featured_image": "",
      "insert_into_item": "Inserisci in news_fix",
      "uploaded_to_this_item": "Caricato in questo/a news_fix",
      "filter_items_list": "Filtrare l'elenco di news_fixs",
      "filter_by_date": "Filtra news_fixs per data",
      "items_list_navigation": "Navigazione elenco News_Fixs",
      "items_list": "Elenco News_Fixs",
      "item_published": "News_Fix pubblicato/a.",
      "item_published_privately": "News_Fix pubblicato/a privatamente.",
      "item_reverted_to_draft": "News_Fix riconvertito/a in bozza.",
      "item_scheduled": "News_Fix programmato/a.",
      "item_updated": "News_Fix aggiornato/a.",
      "item_link": "Link News_Fix",
      "item_link_description": "Un link a un/a news_fix."
    },
    "description": "",
    "public": true,
    "hierarchical": false,
    "exclude_from_search": false,
    "publicly_queryable": true,
    "show_ui": true,
    "show_in_menu": true,
    "admin_menu_parent": "cmn_web_content",
    "show_in_admin_bar": true,
    "show_in_nav_menus": true,
    "show_in_rest": true,
    "rest_base": "",
    "rest_namespace": "wp/v2",
    "rest_controller_class": "WP_REST_Posts_Controller",
    "menu_position": "",
    "menu_icon": "",
    "rename_capabilities": false,
    "singular_capability_name": "post",
    "plural_capability_name": "posts",
    "supports": [
      "title",
      "thumbnail",
      "custom-fields"
    ],
    "taxonomies": [
      "2712079_category"
    ],
    "has_archive": false,
    "has_archive_slug": "",
    "rewrite": {
      "permalink_rewrite": "post_type_key",
      "with_front": "1",
      "feeds": "0",
      "pages": "1"
    },
    "query_var": "post_type_key",
    "query_var_name": "",
    "can_export": true,
    "delete_with_user": false,
    "register_meta_box_cb": "",
    "enter_title_here": ""
  }
]