[
  {
    "key": "2247234_post_type",
    "title": "operi",
    "menu_order": 0,
    "active": true,
    "post_type": "2247234",
    "advanced_configuration": true,
    "import_source": "",
    "import_date": "",
    "labels": {
      "name": "operi",
      "singular_name": "opere",
      "menu_name": "operi",
      "all_items": "Tutti/e gli/le operi",
      "edit_item": "Modifica opere",
      "view_item": "Visualizza opere",
      "view_items": "Visualizza operi",
      "add_new_item": "Aggiungi nuovo/a opere",
      "add_new": "Aggiungi nuovo/a opere",
      "new_item": "Nuovo/a opere",
      "parent_item_colon": "opere genitore:",
      "search_items": "Cerca operi",
      "not_found": "Non abbiamo trovato operi",
      "not_found_in_trash": "Non ci sono operi nel cestino",
      "archives": "Archivi operi",
      "attributes": "Attributi opere",
      "featured_image": "",
      "set_featured_image": "",
      "remove_featured_image": "",
      "use_featured_image": "",
      "insert_into_item": "Inserisci in opere",
      "uploaded_to_this_item": "Caricato in questo/a opere",
      "filter_items_list": "Filtrare l'elenco di operi",
      "filter_by_date": "Filtra operi per data",
      "items_list_navigation": "Navigazione elenco operi",
      "items_list": "Elenco operi",
      "item_published": "opere pubblicato/a.",
      "item_published_privately": "opere pubblicato/a privatamente.",
      "item_reverted_to_draft": "opere riconvertito/a in bozza.",
      "item_scheduled": "opere programmato/a.",
      "item_updated": "opere aggiornato/a.",
      "item_link": "Link opere",
      "item_link_description": "Un link a un/a opere."
    },
    "description": "",
    "public": true,
    "hierarchical": false,
    "exclude_from_search": false,
    "publicly_queryable": true,
    "show_ui": true,
    "show_in_menu": true,
    "admin_menu_parent": "cmn_web_content",
    "show_in_admin_bar": true,
    "show_in_nav_menus": true,
    "show_in_rest": true,
    "rest_base": "",
    "rest_namespace": "wp/v2",
    "rest_controller_class": "WP_REST_Posts_Controller",
    "menu_position": "",
    "menu_icon": "",
    "rename_capabilities": false,
    "singular_capability_name": "post",
    "plural_capability_name": "posts",
    "supports": [
      "title",
      "thumbnail",
      "custom-fields"
    ],
    "taxonomies": [
      "2247234_category"
    ],
    "has_archive": false,
    "has_archive_slug": "",
    "rewrite": {
      "permalink_rewrite": "post_type_key",
      "with_front": "1",
      "feeds": "0",
      "pages": "1"
    },
    "query_var": "post_type_key",
    "query_var_name": "",
    "can_export": true,
    "delete_with_user": false,
    "register_meta_box_cb": "",
    "enter_title_here": ""
  }
]