[
  {
    "key": "140355_post_type",
    "title": "Componenti del nucleo di Valutazione per l\\'anno 2014s",
    "menu_order": 0,
    "active": true,
    "post_type": "140355",
    "advanced_configuration": true,
    "import_source": "",
    "import_date": "",
    "labels": {
      "name": "Componenti del nucleo di Valutazione per l\\'anno 2014s",
      "singular_name": "Componenti del nucleo di Valutazione per l\\'anno 2014",
      "menu_name": "Componenti del nucleo di Valutazione per l\\'anno 2014s",
      "all_items": "Tutti/e gli/le Componenti del nucleo di Valutazione per l\\'anno 2014s",
      "edit_item": "Modifica Componenti del nucleo di Valutazione per l\\'anno 2014",
      "view_item": "Visualizza Componenti del nucleo di Valutazione per l\\'anno 2014",
      "view_items": "Visualizza Componenti del nucleo di Valutazione per l\\'anno 2014s",
      "add_new_item": "Aggiungi nuovo/a Componenti del nucleo di Valutazione per l\\'anno 2014",
      "add_new": "Aggiungi nuovo/a Componenti del nucleo di Valutazione per l\\'anno 2014",
      "new_item": "Nuovo/a Componenti del nucleo di Valutazione per l\\'anno 2014",
      "parent_item_colon": "Componenti del nucleo di Valutazione per l\\'anno 2014 genitore:",
      "search_items": "Cerca Componenti del nucleo di Valutazione per l\\'anno 2014s",
      "not_found": "Non abbiamo trovato componenti del nucleo di valutazione per l\\'anno 2014s",
      "not_found_in_trash": "Non ci sono componenti del nucleo di valutazione per l\\'anno 2014s nel cestino",
      "archives": "Archivi Componenti del nucleo di Valutazione per l\\'anno 2014s",
      "attributes": "Attributi Componenti del nucleo di Valutazione per l\\'anno 2014",
      "featured_image": "",
      "set_featured_image": "",
      "remove_featured_image": "",
      "use_featured_image": "",
      "insert_into_item": "Inserisci in componenti del nucleo di valutazione per l\\'anno 2014",
      "uploaded_to_this_item": "Caricato in questo/a componenti del nucleo di valutazione per l\\'anno 2014",
      "filter_items_list": "Filtrare l'elenco di componenti del nucleo di valutazione per l\\'anno 2014s",
      "filter_by_date": "Filtra componenti del nucleo di valutazione per l\\'anno 2014s per data",
      "items_list_navigation": "Navigazione elenco Componenti del nucleo di Valutazione per l\\'anno 2014s",
      "items_list": "Elenco Componenti del nucleo di Valutazione per l\\'anno 2014s",
      "item_published": "Componenti del nucleo di Valutazione per l\\'anno 2014 pubblicato/a.",
      "item_published_privately": "Componenti del nucleo di Valutazione per l\\'anno 2014 pubblicato/a privatamente.",
      "item_reverted_to_draft": "Componenti del nucleo di Valutazione per l\\'anno 2014 riconvertito/a in bozza.",
      "item_scheduled": "Componenti del nucleo di Valutazione per l\\'anno 2014 programmato/a.",
      "item_updated": "Componenti del nucleo di Valutazione per l\\'anno 2014 aggiornato/a.",
      "item_link": "Link Componenti del nucleo di Valutazione per l\\'anno 2014",
      "item_link_description": "Un link a un/a componenti del nucleo di valutazione per l\\'anno 2014."
    },
    "description": "",
    "public": true,
    "hierarchical": false,
    "exclude_from_search": false,
    "publicly_queryable": true,
    "show_ui": true,
    "show_in_menu": true,
    "admin_menu_parent": "cmn_other",
    "show_in_admin_bar": true,
    "show_in_nav_menus": true,
    "show_in_rest": true,
    "rest_base": "",
    "rest_namespace": "wp/v2",
    "rest_controller_class": "WP_REST_Posts_Controller",
    "menu_position": "",
    "menu_icon": "",
    "rename_capabilities": false,
    "singular_capability_name": "post",
    "plural_capability_name": "posts",
    "supports": [
      "title",
      "thumbnail",
      "custom-fields"
    ],
    "taxonomies": [
      "140355_category"
    ],
    "has_archive": false,
    "has_archive_slug": "",
    "rewrite": {
      "permalink_rewrite": "post_type_key",
      "with_front": "1",
      "feeds": "0",
      "pages": "1"
    },
    "query_var": "post_type_key",
    "query_var_name": "",
    "can_export": true,
    "delete_with_user": false,
    "register_meta_box_cb": "",
    "enter_title_here": ""
  }
]