[
  {
    "key": "12619_post_type",
    "title": "Pubblicazionis",
    "menu_order": 0,
    "active": true,
    "post_type": "12619",
    "advanced_configuration": true,
    "import_source": "",
    "import_date": "",
    "labels": {
      "name": "Pubblicazionis",
      "singular_name": "Pubblicazioni",
      "menu_name": "Pubblicazionis",
      "all_items": "Tutti/e gli/le Pubblicazionis",
      "edit_item": "Modifica Pubblicazioni",
      "view_item": "Visualizza Pubblicazioni",
      "view_items": "Visualizza Pubblicazionis",
      "add_new_item": "Aggiungi nuovo/a Pubblicazioni",
      "add_new": "Aggiungi nuovo/a Pubblicazioni",
      "new_item": "Nuovo/a Pubblicazioni",
      "parent_item_colon": "Pubblicazioni genitore:",
      "search_items": "Cerca Pubblicazionis",
      "not_found": "Non abbiamo trovato pubblicazionis",
      "not_found_in_trash": "Non ci sono pubblicazionis nel cestino",
      "archives": "Archivi Pubblicazionis",
      "attributes": "Attributi Pubblicazioni",
      "featured_image": "",
      "set_featured_image": "",
      "remove_featured_image": "",
      "use_featured_image": "",
      "insert_into_item": "Inserisci in pubblicazioni",
      "uploaded_to_this_item": "Caricato in questo/a pubblicazioni",
      "filter_items_list": "Filtrare l'elenco di pubblicazionis",
      "filter_by_date": "Filtra pubblicazionis per data",
      "items_list_navigation": "Navigazione elenco Pubblicazionis",
      "items_list": "Elenco Pubblicazionis",
      "item_published": "Pubblicazioni pubblicato/a.",
      "item_published_privately": "Pubblicazioni pubblicato/a privatamente.",
      "item_reverted_to_draft": "Pubblicazioni riconvertito/a in bozza.",
      "item_scheduled": "Pubblicazioni programmato/a.",
      "item_updated": "Pubblicazioni aggiornato/a.",
      "item_link": "Link Pubblicazioni",
      "item_link_description": "Un link a un/a pubblicazioni."
    },
    "description": "",
    "public": true,
    "hierarchical": false,
    "exclude_from_search": false,
    "publicly_queryable": true,
    "show_ui": true,
    "show_in_menu": true,
    "admin_menu_parent": "cmn_other",
    "show_in_admin_bar": true,
    "show_in_nav_menus": true,
    "show_in_rest": true,
    "rest_base": "",
    "rest_namespace": "wp/v2",
    "rest_controller_class": "WP_REST_Posts_Controller",
    "menu_position": "",
    "menu_icon": "",
    "rename_capabilities": false,
    "singular_capability_name": "post",
    "plural_capability_name": "posts",
    "supports": [
      "title",
      "thumbnail",
      "custom-fields"
    ],
    "taxonomies": [
      "12619_category"
    ],
    "has_archive": false,
    "has_archive_slug": "",
    "rewrite": {
      "permalink_rewrite": "post_type_key",
      "with_front": "1",
      "feeds": "0",
      "pages": "1"
    },
    "query_var": "post_type_key",
    "query_var_name": "",
    "can_export": true,
    "delete_with_user": false,
    "register_meta_box_cb": "",
    "enter_title_here": ""
  }
]