[
  {
    "key": "3499767_post_type",
    "title": "Piano Strategico Collapsibli",
    "menu_order": 0,
    "active": true,
    "post_type": "3499767",
    "advanced_configuration": true,
    "import_source": "",
    "import_date": "",
    "labels": {
      "name": "Piano Strategico Collapsibli",
      "singular_name": "Piano Strategico Collapsible",
      "menu_name": "Piano Strategico Collapsibli",
      "all_items": "Tutti/e gli/le Piano Strategico Collapsibli",
      "edit_item": "Modifica Piano Strategico Collapsible",
      "view_item": "Visualizza Piano Strategico Collapsible",
      "view_items": "Visualizza Piano Strategico Collapsibli",
      "add_new_item": "Aggiungi nuovo/a Piano Strategico Collapsible",
      "add_new": "Aggiungi nuovo/a Piano Strategico Collapsible",
      "new_item": "Nuovo/a Piano Strategico Collapsible",
      "parent_item_colon": "Piano Strategico Collapsible genitore:",
      "search_items": "Cerca Piano Strategico Collapsibli",
      "not_found": "Non abbiamo trovato piano strategico collapsibli",
      "not_found_in_trash": "Non ci sono piano strategico collapsibli nel cestino",
      "archives": "Archivi Piano Strategico Collapsibli",
      "attributes": "Attributi Piano Strategico Collapsible",
      "featured_image": "",
      "set_featured_image": "",
      "remove_featured_image": "",
      "use_featured_image": "",
      "insert_into_item": "Inserisci in piano strategico collapsible",
      "uploaded_to_this_item": "Caricato in questo/a piano strategico collapsible",
      "filter_items_list": "Filtrare l'elenco di piano strategico collapsibli",
      "filter_by_date": "Filtra piano strategico collapsibli per data",
      "items_list_navigation": "Navigazione elenco Piano Strategico Collapsibli",
      "items_list": "Elenco Piano Strategico Collapsibli",
      "item_published": "Piano Strategico Collapsible pubblicato/a.",
      "item_published_privately": "Piano Strategico Collapsible pubblicato/a privatamente.",
      "item_reverted_to_draft": "Piano Strategico Collapsible riconvertito/a in bozza.",
      "item_scheduled": "Piano Strategico Collapsible programmato/a.",
      "item_updated": "Piano Strategico Collapsible aggiornato/a.",
      "item_link": "Link Piano Strategico Collapsible",
      "item_link_description": "Un link a un/a piano strategico collapsible."
    },
    "description": "",
    "public": true,
    "hierarchical": false,
    "exclude_from_search": false,
    "publicly_queryable": true,
    "show_ui": true,
    "show_in_menu": true,
    "admin_menu_parent": "cmn_web_content",
    "show_in_admin_bar": true,
    "show_in_nav_menus": true,
    "show_in_rest": true,
    "rest_base": "",
    "rest_namespace": "wp/v2",
    "rest_controller_class": "WP_REST_Posts_Controller",
    "menu_position": "",
    "menu_icon": "",
    "rename_capabilities": false,
    "singular_capability_name": "post",
    "plural_capability_name": "posts",
    "supports": [
      "title",
      "thumbnail",
      "custom-fields"
    ],
    "taxonomies": [
      "3499767_category"
    ],
    "has_archive": false,
    "has_archive_slug": "",
    "rewrite": {
      "permalink_rewrite": "post_type_key",
      "with_front": "1",
      "feeds": "0",
      "pages": "1"
    },
    "query_var": "post_type_key",
    "query_var_name": "",
    "can_export": true,
    "delete_with_user": false,
    "register_meta_box_cb": "",
    "enter_title_here": ""
  }
]