[
  {
    "key": "to_do_post_type",
    "title": "To Di",
    "menu_order": 0,
    "active": true,
    "post_type": "to_do",
    "advanced_configuration": true,
    "import_source": "",
    "import_date": "",
    "labels": {
      "name": "To Di",
      "singular_name": "To Do",
      "menu_name": "To Di",
      "all_items": "Tutti/e gli/le To Di",
      "edit_item": "Modifica To Do",
      "view_item": "Visualizza To Do",
      "view_items": "Visualizza To Di",
      "add_new_item": "Aggiungi nuovo/a To Do",
      "add_new": "Aggiungi nuovo/a To Do",
      "new_item": "Nuovo/a To Do",
      "parent_item_colon": "To Do genitore:",
      "search_items": "Cerca To Di",
      "not_found": "Non abbiamo trovato to di",
      "not_found_in_trash": "Non ci sono to di nel cestino",
      "archives": "Archivi To Di",
      "attributes": "Attributi To Do",
      "featured_image": "",
      "set_featured_image": "",
      "remove_featured_image": "",
      "use_featured_image": "",
      "insert_into_item": "Inserisci in to do",
      "uploaded_to_this_item": "Caricato in questo/a to do",
      "filter_items_list": "Filtrare l'elenco di to di",
      "filter_by_date": "Filtra to di per data",
      "items_list_navigation": "Navigazione elenco To Di",
      "items_list": "Elenco To Di",
      "item_published": "To Do pubblicato/a.",
      "item_published_privately": "To Do pubblicato/a privatamente.",
      "item_reverted_to_draft": "To Do riconvertito/a in bozza.",
      "item_scheduled": "To Do programmato/a.",
      "item_updated": "To Do aggiornato/a.",
      "item_link": "Link To Do",
      "item_link_description": "Un link a un/a to do."
    },
    "description": "<?xml version='1.0' encoding='UTF-8'?><root available-locales=\"en_US\" default-locale=\"en_US\"><Description language-id=\"en_US\">To Do</Description></root>",
    "public": true,
    "hierarchical": false,
    "exclude_from_search": false,
    "publicly_queryable": true,
    "show_ui": true,
    "show_in_menu": true,
    "admin_menu_parent": "cmn_other",
    "show_in_admin_bar": true,
    "show_in_nav_menus": true,
    "show_in_rest": true,
    "rest_base": "",
    "rest_namespace": "wp/v2",
    "rest_controller_class": "WP_REST_Posts_Controller",
    "menu_position": "",
    "menu_icon": "",
    "rename_capabilities": false,
    "singular_capability_name": "post",
    "plural_capability_name": "posts",
    "supports": [
      "title",
      "thumbnail",
      "custom-fields"
    ],
    "taxonomies": [
      "to_do_category"
    ],
    "has_archive": false,
    "has_archive_slug": "",
    "rewrite": {
      "permalink_rewrite": "post_type_key",
      "with_front": "1",
      "feeds": "0",
      "pages": "1"
    },
    "query_var": "post_type_key",
    "query_var_name": "",
    "can_export": true,
    "delete_with_user": false,
    "register_meta_box_cb": "",
    "enter_title_here": ""
  }
]