[
  {
    "key": "8071192_post_type",
    "title": "TEST_DEFs",
    "menu_order": 0,
    "active": true,
    "post_type": "8071192",
    "advanced_configuration": true,
    "import_source": "",
    "import_date": "",
    "labels": {
      "name": "TEST_DEFs",
      "singular_name": "TEST_DEF",
      "menu_name": "TEST_DEFs",
      "all_items": "Tutti/e gli/le TEST_DEFs",
      "edit_item": "Modifica TEST_DEF",
      "view_item": "Visualizza TEST_DEF",
      "view_items": "Visualizza TEST_DEFs",
      "add_new_item": "Aggiungi nuovo/a TEST_DEF",
      "add_new": "Aggiungi nuovo/a TEST_DEF",
      "new_item": "Nuovo/a TEST_DEF",
      "parent_item_colon": "TEST_DEF genitore:",
      "search_items": "Cerca TEST_DEFs",
      "not_found": "Non abbiamo trovato test_defs",
      "not_found_in_trash": "Non ci sono test_defs nel cestino",
      "archives": "Archivi TEST_DEFs",
      "attributes": "Attributi TEST_DEF",
      "featured_image": "",
      "set_featured_image": "",
      "remove_featured_image": "",
      "use_featured_image": "",
      "insert_into_item": "Inserisci in test_def",
      "uploaded_to_this_item": "Caricato in questo/a test_def",
      "filter_items_list": "Filtrare l'elenco di test_defs",
      "filter_by_date": "Filtra test_defs per data",
      "items_list_navigation": "Navigazione elenco TEST_DEFs",
      "items_list": "Elenco TEST_DEFs",
      "item_published": "TEST_DEF pubblicato/a.",
      "item_published_privately": "TEST_DEF pubblicato/a privatamente.",
      "item_reverted_to_draft": "TEST_DEF riconvertito/a in bozza.",
      "item_scheduled": "TEST_DEF programmato/a.",
      "item_updated": "TEST_DEF aggiornato/a.",
      "item_link": "Link TEST_DEF",
      "item_link_description": "Un link a un/a test_def."
    },
    "description": "",
    "public": true,
    "hierarchical": false,
    "exclude_from_search": false,
    "publicly_queryable": true,
    "show_ui": true,
    "show_in_menu": true,
    "admin_menu_parent": "cmn_other",
    "show_in_admin_bar": true,
    "show_in_nav_menus": true,
    "show_in_rest": true,
    "rest_base": "",
    "rest_namespace": "wp/v2",
    "rest_controller_class": "WP_REST_Posts_Controller",
    "menu_position": "",
    "menu_icon": "",
    "rename_capabilities": false,
    "singular_capability_name": "post",
    "plural_capability_name": "posts",
    "supports": [
      "title",
      "thumbnail",
      "custom-fields"
    ],
    "taxonomies": [
      "8071192_category"
    ],
    "has_archive": false,
    "has_archive_slug": "",
    "rewrite": {
      "permalink_rewrite": "post_type_key",
      "with_front": "1",
      "feeds": "0",
      "pages": "1"
    },
    "query_var": "post_type_key",
    "query_var_name": "",
    "can_export": true,
    "delete_with_user": false,
    "register_meta_box_cb": "",
    "enter_title_here": ""
  }
]