[
  {
    "key": "23611_post_type",
    "title": "Comuni",
    "menu_order": 0,
    "active": true,
    "post_type": "23611",
    "advanced_configuration": true,
    "import_source": "",
    "import_date": "",
    "labels": {
      "name": "Comuni",
      "singular_name": "Comune",
      "menu_name": "Comuni",
      "all_items": "Tutti/e gli/le Comuni",
      "edit_item": "Modifica Comune",
      "view_item": "Visualizza Comune",
      "view_items": "Visualizza Comuni",
      "add_new_item": "Aggiungi nuovo/a Comune",
      "add_new": "Aggiungi nuovo/a Comune",
      "new_item": "Nuovo/a Comune",
      "parent_item_colon": "Comune genitore:",
      "search_items": "Cerca Comuni",
      "not_found": "Non abbiamo trovato comuni",
      "not_found_in_trash": "Non ci sono comuni nel cestino",
      "archives": "Archivi Comuni",
      "attributes": "Attributi Comune",
      "featured_image": "",
      "set_featured_image": "",
      "remove_featured_image": "",
      "use_featured_image": "",
      "insert_into_item": "Inserisci in comune",
      "uploaded_to_this_item": "Caricato in questo/a comune",
      "filter_items_list": "Filtrare l'elenco di comuni",
      "filter_by_date": "Filtra comuni per data",
      "items_list_navigation": "Navigazione elenco Comuni",
      "items_list": "Elenco Comuni",
      "item_published": "Comune pubblicato/a.",
      "item_published_privately": "Comune pubblicato/a privatamente.",
      "item_reverted_to_draft": "Comune riconvertito/a in bozza.",
      "item_scheduled": "Comune programmato/a.",
      "item_updated": "Comune aggiornato/a.",
      "item_link": "Link Comune",
      "item_link_description": "Un link a un/a comune."
    },
    "description": "",
    "public": true,
    "hierarchical": false,
    "exclude_from_search": false,
    "publicly_queryable": true,
    "show_ui": true,
    "show_in_menu": true,
    "admin_menu_parent": "cmn_web_content",
    "show_in_admin_bar": true,
    "show_in_nav_menus": true,
    "show_in_rest": true,
    "rest_base": "",
    "rest_namespace": "wp/v2",
    "rest_controller_class": "WP_REST_Posts_Controller",
    "menu_position": "",
    "menu_icon": "",
    "rename_capabilities": false,
    "singular_capability_name": "post",
    "plural_capability_name": "posts",
    "supports": [
      "title",
      "thumbnail",
      "custom-fields"
    ],
    "taxonomies": [
      "23611_category"
    ],
    "has_archive": false,
    "has_archive_slug": "",
    "rewrite": {
      "permalink_rewrite": "post_type_key",
      "with_front": "1",
      "feeds": "0",
      "pages": "1"
    },
    "query_var": "post_type_key",
    "query_var_name": "",
    "can_export": true,
    "delete_with_user": false,
    "register_meta_box_cb": "",
    "enter_title_here": ""
  }
]