[
  {
    "key": "979058_post_type",
    "title": "struttura procedimentis",
    "menu_order": 0,
    "active": true,
    "post_type": "979058",
    "advanced_configuration": true,
    "import_source": "",
    "import_date": "",
    "labels": {
      "name": "struttura procedimentis",
      "singular_name": "struttura procedimenti",
      "menu_name": "struttura procedimentis",
      "all_items": "Tutti/e gli/le struttura procedimentis",
      "edit_item": "Modifica struttura procedimenti",
      "view_item": "Visualizza struttura procedimenti",
      "view_items": "Visualizza struttura procedimentis",
      "add_new_item": "Aggiungi nuovo/a struttura procedimenti",
      "add_new": "Aggiungi nuovo/a struttura procedimenti",
      "new_item": "Nuovo/a struttura procedimenti",
      "parent_item_colon": "struttura procedimenti genitore:",
      "search_items": "Cerca struttura procedimentis",
      "not_found": "Non abbiamo trovato struttura procedimentis",
      "not_found_in_trash": "Non ci sono struttura procedimentis nel cestino",
      "archives": "Archivi struttura procedimentis",
      "attributes": "Attributi struttura procedimenti",
      "featured_image": "",
      "set_featured_image": "",
      "remove_featured_image": "",
      "use_featured_image": "",
      "insert_into_item": "Inserisci in struttura procedimenti",
      "uploaded_to_this_item": "Caricato in questo/a struttura procedimenti",
      "filter_items_list": "Filtrare l'elenco di struttura procedimentis",
      "filter_by_date": "Filtra struttura procedimentis per data",
      "items_list_navigation": "Navigazione elenco struttura procedimentis",
      "items_list": "Elenco struttura procedimentis",
      "item_published": "struttura procedimenti pubblicato/a.",
      "item_published_privately": "struttura procedimenti pubblicato/a privatamente.",
      "item_reverted_to_draft": "struttura procedimenti riconvertito/a in bozza.",
      "item_scheduled": "struttura procedimenti programmato/a.",
      "item_updated": "struttura procedimenti aggiornato/a.",
      "item_link": "Link struttura procedimenti",
      "item_link_description": "Un link a un/a struttura procedimenti."
    },
    "description": "<?xml version='1.0' encoding='UTF-8'?><root available-locales=\"it_IT\" default-locale=\"it_IT\"><Description language-id=\"it_IT\">ATTENZIONE: Inserire la categoria a cui appartiene il procedimento</Description></root>",
    "public": true,
    "hierarchical": false,
    "exclude_from_search": false,
    "publicly_queryable": true,
    "show_ui": true,
    "show_in_menu": true,
    "admin_menu_parent": "cmn_web_content",
    "show_in_admin_bar": true,
    "show_in_nav_menus": true,
    "show_in_rest": true,
    "rest_base": "",
    "rest_namespace": "wp/v2",
    "rest_controller_class": "WP_REST_Posts_Controller",
    "menu_position": "",
    "menu_icon": "",
    "rename_capabilities": false,
    "singular_capability_name": "post",
    "plural_capability_name": "posts",
    "supports": [
      "title",
      "thumbnail",
      "custom-fields"
    ],
    "taxonomies": [
      "979058_category"
    ],
    "has_archive": false,
    "has_archive_slug": "",
    "rewrite": {
      "permalink_rewrite": "post_type_key",
      "with_front": "1",
      "feeds": "0",
      "pages": "1"
    },
    "query_var": "post_type_key",
    "query_var_name": "",
    "can_export": true,
    "delete_with_user": false,
    "register_meta_box_cb": "",
    "enter_title_here": ""
  }
]