[
  {
    "key": "158027_post_type",
    "title": "Enti di diritto privato controllatis",
    "menu_order": 0,
    "active": true,
    "post_type": "158027",
    "advanced_configuration": true,
    "import_source": "",
    "import_date": "",
    "labels": {
      "name": "Enti di diritto privato controllatis",
      "singular_name": "Enti di diritto privato controllati",
      "menu_name": "Enti di diritto privato controllatis",
      "all_items": "Tutti/e gli/le Enti di diritto privato controllatis",
      "edit_item": "Modifica Enti di diritto privato controllati",
      "view_item": "Visualizza Enti di diritto privato controllati",
      "view_items": "Visualizza Enti di diritto privato controllatis",
      "add_new_item": "Aggiungi nuovo/a Enti di diritto privato controllati",
      "add_new": "Aggiungi nuovo/a Enti di diritto privato controllati",
      "new_item": "Nuovo/a Enti di diritto privato controllati",
      "parent_item_colon": "Enti di diritto privato controllati genitore:",
      "search_items": "Cerca Enti di diritto privato controllatis",
      "not_found": "Non abbiamo trovato enti di diritto privato controllatis",
      "not_found_in_trash": "Non ci sono enti di diritto privato controllatis nel cestino",
      "archives": "Archivi Enti di diritto privato controllatis",
      "attributes": "Attributi Enti di diritto privato controllati",
      "featured_image": "",
      "set_featured_image": "",
      "remove_featured_image": "",
      "use_featured_image": "",
      "insert_into_item": "Inserisci in enti di diritto privato controllati",
      "uploaded_to_this_item": "Caricato in questo/a enti di diritto privato controllati",
      "filter_items_list": "Filtrare l'elenco di enti di diritto privato controllatis",
      "filter_by_date": "Filtra enti di diritto privato controllatis per data",
      "items_list_navigation": "Navigazione elenco Enti di diritto privato controllatis",
      "items_list": "Elenco Enti di diritto privato controllatis",
      "item_published": "Enti di diritto privato controllati pubblicato/a.",
      "item_published_privately": "Enti di diritto privato controllati pubblicato/a privatamente.",
      "item_reverted_to_draft": "Enti di diritto privato controllati riconvertito/a in bozza.",
      "item_scheduled": "Enti di diritto privato controllati programmato/a.",
      "item_updated": "Enti di diritto privato controllati aggiornato/a.",
      "item_link": "Link Enti di diritto privato controllati",
      "item_link_description": "Un link a un/a enti di diritto privato controllati."
    },
    "description": "",
    "public": true,
    "hierarchical": false,
    "exclude_from_search": false,
    "publicly_queryable": true,
    "show_ui": true,
    "show_in_menu": true,
    "admin_menu_parent": "cmn_other",
    "show_in_admin_bar": true,
    "show_in_nav_menus": true,
    "show_in_rest": true,
    "rest_base": "",
    "rest_namespace": "wp/v2",
    "rest_controller_class": "WP_REST_Posts_Controller",
    "menu_position": "",
    "menu_icon": "",
    "rename_capabilities": false,
    "singular_capability_name": "post",
    "plural_capability_name": "posts",
    "supports": [
      "title",
      "thumbnail",
      "custom-fields"
    ],
    "taxonomies": [
      "158027_category"
    ],
    "has_archive": false,
    "has_archive_slug": "",
    "rewrite": {
      "permalink_rewrite": "post_type_key",
      "with_front": "1",
      "feeds": "0",
      "pages": "1"
    },
    "query_var": "post_type_key",
    "query_var_name": "",
    "can_export": true,
    "delete_with_user": false,
    "register_meta_box_cb": "",
    "enter_title_here": ""
  }
]