[
  {
    "key": "5563344_post_type",
    "title": "Lista menu destre",
    "menu_order": 0,
    "active": true,
    "post_type": "5563344",
    "advanced_configuration": true,
    "import_source": "",
    "import_date": "",
    "labels": {
      "name": "Lista menu destre",
      "singular_name": "Lista menu destra",
      "menu_name": "Lista menu destre",
      "all_items": "Tutti/e gli/le Lista menu destre",
      "edit_item": "Modifica Lista menu destra",
      "view_item": "Visualizza Lista menu destra",
      "view_items": "Visualizza Lista menu destre",
      "add_new_item": "Aggiungi nuovo/a Lista menu destra",
      "add_new": "Aggiungi nuovo/a Lista menu destra",
      "new_item": "Nuovo/a Lista menu destra",
      "parent_item_colon": "Lista menu destra genitore:",
      "search_items": "Cerca Lista menu destre",
      "not_found": "Non abbiamo trovato lista menu destre",
      "not_found_in_trash": "Non ci sono lista menu destre nel cestino",
      "archives": "Archivi Lista menu destre",
      "attributes": "Attributi Lista menu destra",
      "featured_image": "",
      "set_featured_image": "",
      "remove_featured_image": "",
      "use_featured_image": "",
      "insert_into_item": "Inserisci in lista menu destra",
      "uploaded_to_this_item": "Caricato in questo/a lista menu destra",
      "filter_items_list": "Filtrare l'elenco di lista menu destre",
      "filter_by_date": "Filtra lista menu destre per data",
      "items_list_navigation": "Navigazione elenco Lista menu destre",
      "items_list": "Elenco Lista menu destre",
      "item_published": "Lista menu destra pubblicato/a.",
      "item_published_privately": "Lista menu destra pubblicato/a privatamente.",
      "item_reverted_to_draft": "Lista menu destra riconvertito/a in bozza.",
      "item_scheduled": "Lista menu destra programmato/a.",
      "item_updated": "Lista menu destra aggiornato/a.",
      "item_link": "Link Lista menu destra",
      "item_link_description": "Un link a un/a lista menu destra."
    },
    "description": "",
    "public": true,
    "hierarchical": false,
    "exclude_from_search": false,
    "publicly_queryable": true,
    "show_ui": true,
    "show_in_menu": true,
    "admin_menu_parent": "cmn_other",
    "show_in_admin_bar": true,
    "show_in_nav_menus": true,
    "show_in_rest": true,
    "rest_base": "",
    "rest_namespace": "wp/v2",
    "rest_controller_class": "WP_REST_Posts_Controller",
    "menu_position": "",
    "menu_icon": "",
    "rename_capabilities": false,
    "singular_capability_name": "post",
    "plural_capability_name": "posts",
    "supports": [
      "title",
      "thumbnail",
      "custom-fields"
    ],
    "taxonomies": [
      "5563344_category"
    ],
    "has_archive": false,
    "has_archive_slug": "",
    "rewrite": {
      "permalink_rewrite": "post_type_key",
      "with_front": "1",
      "feeds": "0",
      "pages": "1"
    },
    "query_var": "post_type_key",
    "query_var_name": "",
    "can_export": true,
    "delete_with_user": false,
    "register_meta_box_cb": "",
    "enter_title_here": ""
  }
]