[
  {
    "key": "meeting_minutes_post_type",
    "title": "Meeting Minutess",
    "menu_order": 0,
    "active": true,
    "post_type": "meeting_minutes",
    "advanced_configuration": true,
    "import_source": "",
    "import_date": "",
    "labels": {
      "name": "Meeting Minutess",
      "singular_name": "Meeting Minutes",
      "menu_name": "Meeting Minutess",
      "all_items": "Tutti/e gli/le Meeting Minutess",
      "edit_item": "Modifica Meeting Minutes",
      "view_item": "Visualizza Meeting Minutes",
      "view_items": "Visualizza Meeting Minutess",
      "add_new_item": "Aggiungi nuovo/a Meeting Minutes",
      "add_new": "Aggiungi nuovo/a Meeting Minutes",
      "new_item": "Nuovo/a Meeting Minutes",
      "parent_item_colon": "Meeting Minutes genitore:",
      "search_items": "Cerca Meeting Minutess",
      "not_found": "Non abbiamo trovato meeting minutess",
      "not_found_in_trash": "Non ci sono meeting minutess nel cestino",
      "archives": "Archivi Meeting Minutess",
      "attributes": "Attributi Meeting Minutes",
      "featured_image": "",
      "set_featured_image": "",
      "remove_featured_image": "",
      "use_featured_image": "",
      "insert_into_item": "Inserisci in meeting minutes",
      "uploaded_to_this_item": "Caricato in questo/a meeting minutes",
      "filter_items_list": "Filtrare l'elenco di meeting minutess",
      "filter_by_date": "Filtra meeting minutess per data",
      "items_list_navigation": "Navigazione elenco Meeting Minutess",
      "items_list": "Elenco Meeting Minutess",
      "item_published": "Meeting Minutes pubblicato/a.",
      "item_published_privately": "Meeting Minutes pubblicato/a privatamente.",
      "item_reverted_to_draft": "Meeting Minutes riconvertito/a in bozza.",
      "item_scheduled": "Meeting Minutes programmato/a.",
      "item_updated": "Meeting Minutes aggiornato/a.",
      "item_link": "Link Meeting Minutes",
      "item_link_description": "Un link a un/a meeting minutes."
    },
    "description": "<?xml version='1.0' encoding='UTF-8'?><root available-locales=\"en_US\" default-locale=\"en_US\"><Description language-id=\"en_US\">Meeting Minutes</Description></root>",
    "public": true,
    "hierarchical": false,
    "exclude_from_search": false,
    "publicly_queryable": true,
    "show_ui": true,
    "show_in_menu": true,
    "admin_menu_parent": "cmn_other",
    "show_in_admin_bar": true,
    "show_in_nav_menus": true,
    "show_in_rest": true,
    "rest_base": "",
    "rest_namespace": "wp/v2",
    "rest_controller_class": "WP_REST_Posts_Controller",
    "menu_position": "",
    "menu_icon": "",
    "rename_capabilities": false,
    "singular_capability_name": "post",
    "plural_capability_name": "posts",
    "supports": [
      "title",
      "thumbnail",
      "custom-fields"
    ],
    "taxonomies": [
      "meeting_minutes_category"
    ],
    "has_archive": false,
    "has_archive_slug": "",
    "rewrite": {
      "permalink_rewrite": "post_type_key",
      "with_front": "1",
      "feeds": "0",
      "pages": "1"
    },
    "query_var": "post_type_key",
    "query_var_name": "",
    "can_export": true,
    "delete_with_user": false,
    "register_meta_box_cb": "",
    "enter_title_here": ""
  }
]