[
  {
    "key": "156607_post_type",
    "title": "Bandi di gare e contratti ai sensi dell\\'art.37 del d.lgs.33/2013s",
    "menu_order": 0,
    "active": true,
    "post_type": "156607",
    "advanced_configuration": true,
    "import_source": "",
    "import_date": "",
    "labels": {
      "name": "Bandi di gare e contratti ai sensi dell\\'art.37 del d.lgs.33/2013s",
      "singular_name": "Bandi di gare e contratti ai sensi dell\\'art.37 del d.lgs.33/2013",
      "menu_name": "Bandi di gare e contratti ai sensi dell\\'art.37 del d.lgs.33/2013s",
      "all_items": "Tutti/e gli/le Bandi di gare e contratti ai sensi dell\\'art.37 del d.lgs.33/2013s",
      "edit_item": "Modifica Bandi di gare e contratti ai sensi dell\\'art.37 del d.lgs.33/2013",
      "view_item": "Visualizza Bandi di gare e contratti ai sensi dell\\'art.37 del d.lgs.33/2013",
      "view_items": "Visualizza Bandi di gare e contratti ai sensi dell\\'art.37 del d.lgs.33/2013s",
      "add_new_item": "Aggiungi nuovo/a Bandi di gare e contratti ai sensi dell\\'art.37 del d.lgs.33/2013",
      "add_new": "Aggiungi nuovo/a Bandi di gare e contratti ai sensi dell\\'art.37 del d.lgs.33/2013",
      "new_item": "Nuovo/a Bandi di gare e contratti ai sensi dell\\'art.37 del d.lgs.33/2013",
      "parent_item_colon": "Bandi di gare e contratti ai sensi dell\\'art.37 del d.lgs.33/2013 genitore:",
      "search_items": "Cerca Bandi di gare e contratti ai sensi dell\\'art.37 del d.lgs.33/2013s",
      "not_found": "Non abbiamo trovato bandi di gare e contratti ai sensi dell\\'art.37 del d.lgs.33/2013s",
      "not_found_in_trash": "Non ci sono bandi di gare e contratti ai sensi dell\\'art.37 del d.lgs.33/2013s nel cestino",
      "archives": "Archivi Bandi di gare e contratti ai sensi dell\\'art.37 del d.lgs.33/2013s",
      "attributes": "Attributi Bandi di gare e contratti ai sensi dell\\'art.37 del d.lgs.33/2013",
      "featured_image": "",
      "set_featured_image": "",
      "remove_featured_image": "",
      "use_featured_image": "",
      "insert_into_item": "Inserisci in bandi di gare e contratti ai sensi dell\\'art.37 del d.lgs.33/2013",
      "uploaded_to_this_item": "Caricato in questo/a bandi di gare e contratti ai sensi dell\\'art.37 del d.lgs.33/2013",
      "filter_items_list": "Filtrare l'elenco di bandi di gare e contratti ai sensi dell\\'art.37 del d.lgs.33/2013s",
      "filter_by_date": "Filtra bandi di gare e contratti ai sensi dell\\'art.37 del d.lgs.33/2013s per data",
      "items_list_navigation": "Navigazione elenco Bandi di gare e contratti ai sensi dell\\'art.37 del d.lgs.33/2013s",
      "items_list": "Elenco Bandi di gare e contratti ai sensi dell\\'art.37 del d.lgs.33/2013s",
      "item_published": "Bandi di gare e contratti ai sensi dell\\'art.37 del d.lgs.33/2013 pubblicato/a.",
      "item_published_privately": "Bandi di gare e contratti ai sensi dell\\'art.37 del d.lgs.33/2013 pubblicato/a privatamente.",
      "item_reverted_to_draft": "Bandi di gare e contratti ai sensi dell\\'art.37 del d.lgs.33/2013 riconvertito/a in bozza.",
      "item_scheduled": "Bandi di gare e contratti ai sensi dell\\'art.37 del d.lgs.33/2013 programmato/a.",
      "item_updated": "Bandi di gare e contratti ai sensi dell\\'art.37 del d.lgs.33/2013 aggiornato/a.",
      "item_link": "Link Bandi di gare e contratti ai sensi dell\\'art.37 del d.lgs.33/2013",
      "item_link_description": "Un link a un/a bandi di gare e contratti ai sensi dell\\'art.37 del d.lgs.33/2013."
    },
    "description": "",
    "public": true,
    "hierarchical": false,
    "exclude_from_search": false,
    "publicly_queryable": true,
    "show_ui": true,
    "show_in_menu": true,
    "admin_menu_parent": "cmn_other",
    "show_in_admin_bar": true,
    "show_in_nav_menus": true,
    "show_in_rest": true,
    "rest_base": "",
    "rest_namespace": "wp/v2",
    "rest_controller_class": "WP_REST_Posts_Controller",
    "menu_position": "",
    "menu_icon": "",
    "rename_capabilities": false,
    "singular_capability_name": "post",
    "plural_capability_name": "posts",
    "supports": [
      "title",
      "thumbnail",
      "custom-fields"
    ],
    "taxonomies": [
      "156607_category"
    ],
    "has_archive": false,
    "has_archive_slug": "",
    "rewrite": {
      "permalink_rewrite": "post_type_key",
      "with_front": "1",
      "feeds": "0",
      "pages": "1"
    },
    "query_var": "post_type_key",
    "query_var_name": "",
    "can_export": true,
    "delete_with_user": false,
    "register_meta_box_cb": "",
    "enter_title_here": ""
  }
]