[
  {
    "key": "inventory_post_type",
    "title": "Inventorys",
    "menu_order": 0,
    "active": true,
    "post_type": "inventory",
    "advanced_configuration": true,
    "import_source": "",
    "import_date": "",
    "labels": {
      "name": "Inventorys",
      "singular_name": "Inventory",
      "menu_name": "Inventorys",
      "all_items": "Tutti/e gli/le Inventorys",
      "edit_item": "Modifica Inventory",
      "view_item": "Visualizza Inventory",
      "view_items": "Visualizza Inventorys",
      "add_new_item": "Aggiungi nuovo/a Inventory",
      "add_new": "Aggiungi nuovo/a Inventory",
      "new_item": "Nuovo/a Inventory",
      "parent_item_colon": "Inventory genitore:",
      "search_items": "Cerca Inventorys",
      "not_found": "Non abbiamo trovato inventorys",
      "not_found_in_trash": "Non ci sono inventorys nel cestino",
      "archives": "Archivi Inventorys",
      "attributes": "Attributi Inventory",
      "featured_image": "",
      "set_featured_image": "",
      "remove_featured_image": "",
      "use_featured_image": "",
      "insert_into_item": "Inserisci in inventory",
      "uploaded_to_this_item": "Caricato in questo/a inventory",
      "filter_items_list": "Filtrare l'elenco di inventorys",
      "filter_by_date": "Filtra inventorys per data",
      "items_list_navigation": "Navigazione elenco Inventorys",
      "items_list": "Elenco Inventorys",
      "item_published": "Inventory pubblicato/a.",
      "item_published_privately": "Inventory pubblicato/a privatamente.",
      "item_reverted_to_draft": "Inventory riconvertito/a in bozza.",
      "item_scheduled": "Inventory programmato/a.",
      "item_updated": "Inventory aggiornato/a.",
      "item_link": "Link Inventory",
      "item_link_description": "Un link a un/a inventory."
    },
    "description": "<?xml version='1.0' encoding='UTF-8'?><root available-locales=\"en_US\" default-locale=\"en_US\"><Description language-id=\"en_US\">Inventory</Description></root>",
    "public": true,
    "hierarchical": false,
    "exclude_from_search": false,
    "publicly_queryable": true,
    "show_ui": true,
    "show_in_menu": true,
    "admin_menu_parent": "cmn_other",
    "show_in_admin_bar": true,
    "show_in_nav_menus": true,
    "show_in_rest": true,
    "rest_base": "",
    "rest_namespace": "wp/v2",
    "rest_controller_class": "WP_REST_Posts_Controller",
    "menu_position": "",
    "menu_icon": "",
    "rename_capabilities": false,
    "singular_capability_name": "post",
    "plural_capability_name": "posts",
    "supports": [
      "title",
      "thumbnail",
      "custom-fields"
    ],
    "taxonomies": [
      "inventory_category"
    ],
    "has_archive": false,
    "has_archive_slug": "",
    "rewrite": {
      "permalink_rewrite": "post_type_key",
      "with_front": "1",
      "feeds": "0",
      "pages": "1"
    },
    "query_var": "post_type_key",
    "query_var_name": "",
    "can_export": true,
    "delete_with_user": false,
    "register_meta_box_cb": "",
    "enter_title_here": ""
  }
]