[
  {
    "key": "141816_post_type",
    "title": "Dichiarazioni sulla insussistenze",
    "menu_order": 0,
    "active": true,
    "post_type": "141816",
    "advanced_configuration": true,
    "import_source": "",
    "import_date": "",
    "labels": {
      "name": "Dichiarazioni sulla insussistenze",
      "singular_name": "Dichiarazioni sulla insussistenza",
      "menu_name": "Dichiarazioni sulla insussistenze",
      "all_items": "Tutti/e gli/le Dichiarazioni sulla insussistenze",
      "edit_item": "Modifica Dichiarazioni sulla insussistenza",
      "view_item": "Visualizza Dichiarazioni sulla insussistenza",
      "view_items": "Visualizza Dichiarazioni sulla insussistenze",
      "add_new_item": "Aggiungi nuovo/a Dichiarazioni sulla insussistenza",
      "add_new": "Aggiungi nuovo/a Dichiarazioni sulla insussistenza",
      "new_item": "Nuovo/a Dichiarazioni sulla insussistenza",
      "parent_item_colon": "Dichiarazioni sulla insussistenza genitore:",
      "search_items": "Cerca Dichiarazioni sulla insussistenze",
      "not_found": "Non abbiamo trovato dichiarazioni sulla insussistenze",
      "not_found_in_trash": "Non ci sono dichiarazioni sulla insussistenze nel cestino",
      "archives": "Archivi Dichiarazioni sulla insussistenze",
      "attributes": "Attributi Dichiarazioni sulla insussistenza",
      "featured_image": "",
      "set_featured_image": "",
      "remove_featured_image": "",
      "use_featured_image": "",
      "insert_into_item": "Inserisci in dichiarazioni sulla insussistenza",
      "uploaded_to_this_item": "Caricato in questo/a dichiarazioni sulla insussistenza",
      "filter_items_list": "Filtrare l'elenco di dichiarazioni sulla insussistenze",
      "filter_by_date": "Filtra dichiarazioni sulla insussistenze per data",
      "items_list_navigation": "Navigazione elenco Dichiarazioni sulla insussistenze",
      "items_list": "Elenco Dichiarazioni sulla insussistenze",
      "item_published": "Dichiarazioni sulla insussistenza pubblicato/a.",
      "item_published_privately": "Dichiarazioni sulla insussistenza pubblicato/a privatamente.",
      "item_reverted_to_draft": "Dichiarazioni sulla insussistenza riconvertito/a in bozza.",
      "item_scheduled": "Dichiarazioni sulla insussistenza programmato/a.",
      "item_updated": "Dichiarazioni sulla insussistenza aggiornato/a.",
      "item_link": "Link Dichiarazioni sulla insussistenza",
      "item_link_description": "Un link a un/a dichiarazioni sulla insussistenza."
    },
    "description": "",
    "public": true,
    "hierarchical": false,
    "exclude_from_search": false,
    "publicly_queryable": true,
    "show_ui": true,
    "show_in_menu": true,
    "admin_menu_parent": "cmn_other",
    "show_in_admin_bar": true,
    "show_in_nav_menus": true,
    "show_in_rest": true,
    "rest_base": "",
    "rest_namespace": "wp/v2",
    "rest_controller_class": "WP_REST_Posts_Controller",
    "menu_position": "",
    "menu_icon": "",
    "rename_capabilities": false,
    "singular_capability_name": "post",
    "plural_capability_name": "posts",
    "supports": [
      "title",
      "thumbnail",
      "custom-fields"
    ],
    "taxonomies": [
      "141816_category"
    ],
    "has_archive": false,
    "has_archive_slug": "",
    "rewrite": {
      "permalink_rewrite": "post_type_key",
      "with_front": "1",
      "feeds": "0",
      "pages": "1"
    },
    "query_var": "post_type_key",
    "query_var_name": "",
    "can_export": true,
    "delete_with_user": false,
    "register_meta_box_cb": "",
    "enter_title_here": ""
  }
]