[
  {
    "key": "1074220_post_type",
    "title": "StrutturaArt27s",
    "menu_order": 0,
    "active": true,
    "post_type": "1074220",
    "advanced_configuration": true,
    "import_source": "",
    "import_date": "",
    "labels": {
      "name": "StrutturaArt27s",
      "singular_name": "StrutturaArt27",
      "menu_name": "StrutturaArt27s",
      "all_items": "Tutti/e gli/le StrutturaArt27s",
      "edit_item": "Modifica StrutturaArt27",
      "view_item": "Visualizza StrutturaArt27",
      "view_items": "Visualizza StrutturaArt27s",
      "add_new_item": "Aggiungi nuovo/a StrutturaArt27",
      "add_new": "Aggiungi nuovo/a StrutturaArt27",
      "new_item": "Nuovo/a StrutturaArt27",
      "parent_item_colon": "StrutturaArt27 genitore:",
      "search_items": "Cerca StrutturaArt27s",
      "not_found": "Non abbiamo trovato strutturaart27s",
      "not_found_in_trash": "Non ci sono strutturaart27s nel cestino",
      "archives": "Archivi StrutturaArt27s",
      "attributes": "Attributi StrutturaArt27",
      "featured_image": "",
      "set_featured_image": "",
      "remove_featured_image": "",
      "use_featured_image": "",
      "insert_into_item": "Inserisci in strutturaart27",
      "uploaded_to_this_item": "Caricato in questo/a strutturaart27",
      "filter_items_list": "Filtrare l'elenco di strutturaart27s",
      "filter_by_date": "Filtra strutturaart27s per data",
      "items_list_navigation": "Navigazione elenco StrutturaArt27s",
      "items_list": "Elenco StrutturaArt27s",
      "item_published": "StrutturaArt27 pubblicato/a.",
      "item_published_privately": "StrutturaArt27 pubblicato/a privatamente.",
      "item_reverted_to_draft": "StrutturaArt27 riconvertito/a in bozza.",
      "item_scheduled": "StrutturaArt27 programmato/a.",
      "item_updated": "StrutturaArt27 aggiornato/a.",
      "item_link": "Link StrutturaArt27",
      "item_link_description": "Un link a un/a strutturaart27."
    },
    "description": "",
    "public": true,
    "hierarchical": false,
    "exclude_from_search": false,
    "publicly_queryable": true,
    "show_ui": true,
    "show_in_menu": true,
    "admin_menu_parent": "cmn_web_content",
    "show_in_admin_bar": true,
    "show_in_nav_menus": true,
    "show_in_rest": true,
    "rest_base": "",
    "rest_namespace": "wp/v2",
    "rest_controller_class": "WP_REST_Posts_Controller",
    "menu_position": "",
    "menu_icon": "",
    "rename_capabilities": false,
    "singular_capability_name": "post",
    "plural_capability_name": "posts",
    "supports": [
      "title",
      "thumbnail",
      "custom-fields"
    ],
    "taxonomies": [
      "1074220_category"
    ],
    "has_archive": false,
    "has_archive_slug": "",
    "rewrite": {
      "permalink_rewrite": "post_type_key",
      "with_front": "1",
      "feeds": "0",
      "pages": "1"
    },
    "query_var": "post_type_key",
    "query_var_name": "",
    "can_export": true,
    "delete_with_user": false,
    "register_meta_box_cb": "",
    "enter_title_here": ""
  }
]