[
  {
    "key": "28641_post_type",
    "title": "Comunicatis",
    "menu_order": 0,
    "active": true,
    "post_type": "28641",
    "advanced_configuration": true,
    "import_source": "",
    "import_date": "",
    "labels": {
      "name": "Comunicatis",
      "singular_name": "Comunicati",
      "menu_name": "Comunicatis",
      "all_items": "Tutti/e gli/le Comunicatis",
      "edit_item": "Modifica Comunicati",
      "view_item": "Visualizza Comunicati",
      "view_items": "Visualizza Comunicatis",
      "add_new_item": "Aggiungi nuovo/a Comunicati",
      "add_new": "Aggiungi nuovo/a Comunicati",
      "new_item": "Nuovo/a Comunicati",
      "parent_item_colon": "Comunicati genitore:",
      "search_items": "Cerca Comunicatis",
      "not_found": "Non abbiamo trovato comunicatis",
      "not_found_in_trash": "Non ci sono comunicatis nel cestino",
      "archives": "Archivi Comunicatis",
      "attributes": "Attributi Comunicati",
      "featured_image": "",
      "set_featured_image": "",
      "remove_featured_image": "",
      "use_featured_image": "",
      "insert_into_item": "Inserisci in comunicati",
      "uploaded_to_this_item": "Caricato in questo/a comunicati",
      "filter_items_list": "Filtrare l'elenco di comunicatis",
      "filter_by_date": "Filtra comunicatis per data",
      "items_list_navigation": "Navigazione elenco Comunicatis",
      "items_list": "Elenco Comunicatis",
      "item_published": "Comunicati pubblicato/a.",
      "item_published_privately": "Comunicati pubblicato/a privatamente.",
      "item_reverted_to_draft": "Comunicati riconvertito/a in bozza.",
      "item_scheduled": "Comunicati programmato/a.",
      "item_updated": "Comunicati aggiornato/a.",
      "item_link": "Link Comunicati",
      "item_link_description": "Un link a un/a comunicati."
    },
    "description": "",
    "public": true,
    "hierarchical": false,
    "exclude_from_search": false,
    "publicly_queryable": true,
    "show_ui": true,
    "show_in_menu": true,
    "admin_menu_parent": "cmn_web_content",
    "show_in_admin_bar": true,
    "show_in_nav_menus": true,
    "show_in_rest": true,
    "rest_base": "",
    "rest_namespace": "wp/v2",
    "rest_controller_class": "WP_REST_Posts_Controller",
    "menu_position": "",
    "menu_icon": "",
    "rename_capabilities": false,
    "singular_capability_name": "post",
    "plural_capability_name": "posts",
    "supports": [
      "title",
      "thumbnail",
      "custom-fields"
    ],
    "taxonomies": [
      "28641_category"
    ],
    "has_archive": false,
    "has_archive_slug": "",
    "rewrite": {
      "permalink_rewrite": "post_type_key",
      "with_front": "1",
      "feeds": "0",
      "pages": "1"
    },
    "query_var": "post_type_key",
    "query_var_name": "",
    "can_export": true,
    "delete_with_user": false,
    "register_meta_box_cb": "",
    "enter_title_here": ""
  }
]