[
  {
    "key": "1005793_post_type",
    "title": "monitoraggio_procedimentis",
    "menu_order": 0,
    "active": true,
    "post_type": "1005793",
    "advanced_configuration": true,
    "import_source": "",
    "import_date": "",
    "labels": {
      "name": "monitoraggio_procedimentis",
      "singular_name": "monitoraggio_procedimenti",
      "menu_name": "monitoraggio_procedimentis",
      "all_items": "Tutti/e gli/le monitoraggio_procedimentis",
      "edit_item": "Modifica monitoraggio_procedimenti",
      "view_item": "Visualizza monitoraggio_procedimenti",
      "view_items": "Visualizza monitoraggio_procedimentis",
      "add_new_item": "Aggiungi nuovo/a monitoraggio_procedimenti",
      "add_new": "Aggiungi nuovo/a monitoraggio_procedimenti",
      "new_item": "Nuovo/a monitoraggio_procedimenti",
      "parent_item_colon": "monitoraggio_procedimenti genitore:",
      "search_items": "Cerca monitoraggio_procedimentis",
      "not_found": "Non abbiamo trovato monitoraggio_procedimentis",
      "not_found_in_trash": "Non ci sono monitoraggio_procedimentis nel cestino",
      "archives": "Archivi monitoraggio_procedimentis",
      "attributes": "Attributi monitoraggio_procedimenti",
      "featured_image": "",
      "set_featured_image": "",
      "remove_featured_image": "",
      "use_featured_image": "",
      "insert_into_item": "Inserisci in monitoraggio_procedimenti",
      "uploaded_to_this_item": "Caricato in questo/a monitoraggio_procedimenti",
      "filter_items_list": "Filtrare l'elenco di monitoraggio_procedimentis",
      "filter_by_date": "Filtra monitoraggio_procedimentis per data",
      "items_list_navigation": "Navigazione elenco monitoraggio_procedimentis",
      "items_list": "Elenco monitoraggio_procedimentis",
      "item_published": "monitoraggio_procedimenti pubblicato/a.",
      "item_published_privately": "monitoraggio_procedimenti pubblicato/a privatamente.",
      "item_reverted_to_draft": "monitoraggio_procedimenti riconvertito/a in bozza.",
      "item_scheduled": "monitoraggio_procedimenti programmato/a.",
      "item_updated": "monitoraggio_procedimenti aggiornato/a.",
      "item_link": "Link monitoraggio_procedimenti",
      "item_link_description": "Un link a un/a monitoraggio_procedimenti."
    },
    "description": "",
    "public": true,
    "hierarchical": false,
    "exclude_from_search": false,
    "publicly_queryable": true,
    "show_ui": true,
    "show_in_menu": true,
    "admin_menu_parent": "cmn_web_content",
    "show_in_admin_bar": true,
    "show_in_nav_menus": true,
    "show_in_rest": true,
    "rest_base": "",
    "rest_namespace": "wp/v2",
    "rest_controller_class": "WP_REST_Posts_Controller",
    "menu_position": "",
    "menu_icon": "",
    "rename_capabilities": false,
    "singular_capability_name": "post",
    "plural_capability_name": "posts",
    "supports": [
      "title",
      "thumbnail",
      "custom-fields"
    ],
    "taxonomies": [
      "1005793_category"
    ],
    "has_archive": false,
    "has_archive_slug": "",
    "rewrite": {
      "permalink_rewrite": "post_type_key",
      "with_front": "1",
      "feeds": "0",
      "pages": "1"
    },
    "query_var": "post_type_key",
    "query_var_name": "",
    "can_export": true,
    "delete_with_user": false,
    "register_meta_box_cb": "",
    "enter_title_here": ""
  }
]