[
  {
    "key": "10220251_post_type",
    "title": "PNRR_scuole_sismici",
    "menu_order": 0,
    "active": true,
    "post_type": "10220251",
    "advanced_configuration": true,
    "import_source": "",
    "import_date": "",
    "labels": {
      "name": "PNRR_scuole_sismici",
      "singular_name": "PNRR_scuole_sismico",
      "menu_name": "PNRR_scuole_sismici",
      "all_items": "Tutti/e gli/le PNRR_scuole_sismici",
      "edit_item": "Modifica PNRR_scuole_sismico",
      "view_item": "Visualizza PNRR_scuole_sismico",
      "view_items": "Visualizza PNRR_scuole_sismici",
      "add_new_item": "Aggiungi nuovo/a PNRR_scuole_sismico",
      "add_new": "Aggiungi nuovo/a PNRR_scuole_sismico",
      "new_item": "Nuovo/a PNRR_scuole_sismico",
      "parent_item_colon": "PNRR_scuole_sismico genitore:",
      "search_items": "Cerca PNRR_scuole_sismici",
      "not_found": "Non abbiamo trovato pnrr_scuole_sismici",
      "not_found_in_trash": "Non ci sono pnrr_scuole_sismici nel cestino",
      "archives": "Archivi PNRR_scuole_sismici",
      "attributes": "Attributi PNRR_scuole_sismico",
      "featured_image": "",
      "set_featured_image": "",
      "remove_featured_image": "",
      "use_featured_image": "",
      "insert_into_item": "Inserisci in pnrr_scuole_sismico",
      "uploaded_to_this_item": "Caricato in questo/a pnrr_scuole_sismico",
      "filter_items_list": "Filtrare l'elenco di pnrr_scuole_sismici",
      "filter_by_date": "Filtra pnrr_scuole_sismici per data",
      "items_list_navigation": "Navigazione elenco PNRR_scuole_sismici",
      "items_list": "Elenco PNRR_scuole_sismici",
      "item_published": "PNRR_scuole_sismico pubblicato/a.",
      "item_published_privately": "PNRR_scuole_sismico pubblicato/a privatamente.",
      "item_reverted_to_draft": "PNRR_scuole_sismico riconvertito/a in bozza.",
      "item_scheduled": "PNRR_scuole_sismico programmato/a.",
      "item_updated": "PNRR_scuole_sismico aggiornato/a.",
      "item_link": "Link PNRR_scuole_sismico",
      "item_link_description": "Un link a un/a pnrr_scuole_sismico."
    },
    "description": "",
    "public": true,
    "hierarchical": false,
    "exclude_from_search": false,
    "publicly_queryable": true,
    "show_ui": true,
    "show_in_menu": true,
    "admin_menu_parent": "cmn_web_content",
    "show_in_admin_bar": true,
    "show_in_nav_menus": true,
    "show_in_rest": true,
    "rest_base": "",
    "rest_namespace": "wp/v2",
    "rest_controller_class": "WP_REST_Posts_Controller",
    "menu_position": "",
    "menu_icon": "",
    "rename_capabilities": false,
    "singular_capability_name": "post",
    "plural_capability_name": "posts",
    "supports": [
      "title",
      "thumbnail",
      "custom-fields"
    ],
    "taxonomies": [
      "10220251_category"
    ],
    "has_archive": false,
    "has_archive_slug": "",
    "rewrite": {
      "permalink_rewrite": "post_type_key",
      "with_front": "1",
      "feeds": "0",
      "pages": "1"
    },
    "query_var": "post_type_key",
    "query_var_name": "",
    "can_export": true,
    "delete_with_user": false,
    "register_meta_box_cb": "",
    "enter_title_here": ""
  }
]