[
  {
    "key": "28931_post_type",
    "title": "Utente Metropolitani",
    "menu_order": 0,
    "active": true,
    "post_type": "28931",
    "advanced_configuration": true,
    "import_source": "",
    "import_date": "",
    "labels": {
      "name": "Utente Metropolitani",
      "singular_name": "Utente Metropolitano",
      "menu_name": "Utente Metropolitani",
      "all_items": "Tutti/e gli/le Utente Metropolitani",
      "edit_item": "Modifica Utente Metropolitano",
      "view_item": "Visualizza Utente Metropolitano",
      "view_items": "Visualizza Utente Metropolitani",
      "add_new_item": "Aggiungi nuovo/a Utente Metropolitano",
      "add_new": "Aggiungi nuovo/a Utente Metropolitano",
      "new_item": "Nuovo/a Utente Metropolitano",
      "parent_item_colon": "Utente Metropolitano genitore:",
      "search_items": "Cerca Utente Metropolitani",
      "not_found": "Non abbiamo trovato utente metropolitani",
      "not_found_in_trash": "Non ci sono utente metropolitani nel cestino",
      "archives": "Archivi Utente Metropolitani",
      "attributes": "Attributi Utente Metropolitano",
      "featured_image": "",
      "set_featured_image": "",
      "remove_featured_image": "",
      "use_featured_image": "",
      "insert_into_item": "Inserisci in utente metropolitano",
      "uploaded_to_this_item": "Caricato in questo/a utente metropolitano",
      "filter_items_list": "Filtrare l'elenco di utente metropolitani",
      "filter_by_date": "Filtra utente metropolitani per data",
      "items_list_navigation": "Navigazione elenco Utente Metropolitani",
      "items_list": "Elenco Utente Metropolitani",
      "item_published": "Utente Metropolitano pubblicato/a.",
      "item_published_privately": "Utente Metropolitano pubblicato/a privatamente.",
      "item_reverted_to_draft": "Utente Metropolitano riconvertito/a in bozza.",
      "item_scheduled": "Utente Metropolitano programmato/a.",
      "item_updated": "Utente Metropolitano aggiornato/a.",
      "item_link": "Link Utente Metropolitano",
      "item_link_description": "Un link a un/a utente metropolitano."
    },
    "description": "",
    "public": true,
    "hierarchical": false,
    "exclude_from_search": false,
    "publicly_queryable": true,
    "show_ui": true,
    "show_in_menu": true,
    "admin_menu_parent": "cmn_web_content",
    "show_in_admin_bar": true,
    "show_in_nav_menus": true,
    "show_in_rest": true,
    "rest_base": "",
    "rest_namespace": "wp/v2",
    "rest_controller_class": "WP_REST_Posts_Controller",
    "menu_position": "",
    "menu_icon": "",
    "rename_capabilities": false,
    "singular_capability_name": "post",
    "plural_capability_name": "posts",
    "supports": [
      "title",
      "thumbnail",
      "custom-fields"
    ],
    "taxonomies": [
      "28931_category"
    ],
    "has_archive": false,
    "has_archive_slug": "",
    "rewrite": {
      "permalink_rewrite": "post_type_key",
      "with_front": "1",
      "feeds": "0",
      "pages": "1"
    },
    "query_var": "post_type_key",
    "query_var_name": "",
    "can_export": true,
    "delete_with_user": false,
    "register_meta_box_cb": "",
    "enter_title_here": ""
  }
]