[
  {
    "key": "819356_post_type",
    "title": "modello lista prove",
    "menu_order": 0,
    "active": true,
    "post_type": "819356",
    "advanced_configuration": true,
    "import_source": "",
    "import_date": "",
    "labels": {
      "name": "modello lista prove",
      "singular_name": "modello lista prova",
      "menu_name": "modello lista prove",
      "all_items": "Tutti/e gli/le modello lista prove",
      "edit_item": "Modifica modello lista prova",
      "view_item": "Visualizza modello lista prova",
      "view_items": "Visualizza modello lista prove",
      "add_new_item": "Aggiungi nuovo/a modello lista prova",
      "add_new": "Aggiungi nuovo/a modello lista prova",
      "new_item": "Nuovo/a modello lista prova",
      "parent_item_colon": "modello lista prova genitore:",
      "search_items": "Cerca modello lista prove",
      "not_found": "Non abbiamo trovato modello lista prove",
      "not_found_in_trash": "Non ci sono modello lista prove nel cestino",
      "archives": "Archivi modello lista prove",
      "attributes": "Attributi modello lista prova",
      "featured_image": "",
      "set_featured_image": "",
      "remove_featured_image": "",
      "use_featured_image": "",
      "insert_into_item": "Inserisci in modello lista prova",
      "uploaded_to_this_item": "Caricato in questo/a modello lista prova",
      "filter_items_list": "Filtrare l'elenco di modello lista prove",
      "filter_by_date": "Filtra modello lista prove per data",
      "items_list_navigation": "Navigazione elenco modello lista prove",
      "items_list": "Elenco modello lista prove",
      "item_published": "modello lista prova pubblicato/a.",
      "item_published_privately": "modello lista prova pubblicato/a privatamente.",
      "item_reverted_to_draft": "modello lista prova riconvertito/a in bozza.",
      "item_scheduled": "modello lista prova programmato/a.",
      "item_updated": "modello lista prova aggiornato/a.",
      "item_link": "Link modello lista prova",
      "item_link_description": "Un link a un/a modello lista prova."
    },
    "description": "",
    "public": true,
    "hierarchical": false,
    "exclude_from_search": false,
    "publicly_queryable": true,
    "show_ui": true,
    "show_in_menu": true,
    "admin_menu_parent": "cmn_other",
    "show_in_admin_bar": true,
    "show_in_nav_menus": true,
    "show_in_rest": true,
    "rest_base": "",
    "rest_namespace": "wp/v2",
    "rest_controller_class": "WP_REST_Posts_Controller",
    "menu_position": "",
    "menu_icon": "",
    "rename_capabilities": false,
    "singular_capability_name": "post",
    "plural_capability_name": "posts",
    "supports": [
      "title",
      "thumbnail",
      "custom-fields"
    ],
    "taxonomies": [
      "819356_category"
    ],
    "has_archive": false,
    "has_archive_slug": "",
    "rewrite": {
      "permalink_rewrite": "post_type_key",
      "with_front": "1",
      "feeds": "0",
      "pages": "1"
    },
    "query_var": "post_type_key",
    "query_var_name": "",
    "can_export": true,
    "delete_with_user": false,
    "register_meta_box_cb": "",
    "enter_title_here": ""
  }
]