[
  {
    "key": "38925_post_type",
    "title": "Offerte di lavori",
    "menu_order": 0,
    "active": true,
    "post_type": "38925",
    "advanced_configuration": true,
    "import_source": "",
    "import_date": "",
    "labels": {
      "name": "Offerte di lavori",
      "singular_name": "Offerte di lavoro",
      "menu_name": "Offerte di lavori",
      "all_items": "Tutti/e gli/le Offerte di lavori",
      "edit_item": "Modifica Offerte di lavoro",
      "view_item": "Visualizza Offerte di lavoro",
      "view_items": "Visualizza Offerte di lavori",
      "add_new_item": "Aggiungi nuovo/a Offerte di lavoro",
      "add_new": "Aggiungi nuovo/a Offerte di lavoro",
      "new_item": "Nuovo/a Offerte di lavoro",
      "parent_item_colon": "Offerte di lavoro genitore:",
      "search_items": "Cerca Offerte di lavori",
      "not_found": "Non abbiamo trovato offerte di lavori",
      "not_found_in_trash": "Non ci sono offerte di lavori nel cestino",
      "archives": "Archivi Offerte di lavori",
      "attributes": "Attributi Offerte di lavoro",
      "featured_image": "",
      "set_featured_image": "",
      "remove_featured_image": "",
      "use_featured_image": "",
      "insert_into_item": "Inserisci in offerte di lavoro",
      "uploaded_to_this_item": "Caricato in questo/a offerte di lavoro",
      "filter_items_list": "Filtrare l'elenco di offerte di lavori",
      "filter_by_date": "Filtra offerte di lavori per data",
      "items_list_navigation": "Navigazione elenco Offerte di lavori",
      "items_list": "Elenco Offerte di lavori",
      "item_published": "Offerte di lavoro pubblicato/a.",
      "item_published_privately": "Offerte di lavoro pubblicato/a privatamente.",
      "item_reverted_to_draft": "Offerte di lavoro riconvertito/a in bozza.",
      "item_scheduled": "Offerte di lavoro programmato/a.",
      "item_updated": "Offerte di lavoro aggiornato/a.",
      "item_link": "Link Offerte di lavoro",
      "item_link_description": "Un link a un/a offerte di lavoro."
    },
    "description": "",
    "public": true,
    "hierarchical": false,
    "exclude_from_search": false,
    "publicly_queryable": true,
    "show_ui": true,
    "show_in_menu": true,
    "admin_menu_parent": "cmn_web_content",
    "show_in_admin_bar": true,
    "show_in_nav_menus": true,
    "show_in_rest": true,
    "rest_base": "",
    "rest_namespace": "wp/v2",
    "rest_controller_class": "WP_REST_Posts_Controller",
    "menu_position": "",
    "menu_icon": "",
    "rename_capabilities": false,
    "singular_capability_name": "post",
    "plural_capability_name": "posts",
    "supports": [
      "title",
      "thumbnail",
      "custom-fields"
    ],
    "taxonomies": [
      "38925_category"
    ],
    "has_archive": false,
    "has_archive_slug": "",
    "rewrite": {
      "permalink_rewrite": "post_type_key",
      "with_front": "1",
      "feeds": "0",
      "pages": "1"
    },
    "query_var": "post_type_key",
    "query_var_name": "",
    "can_export": true,
    "delete_with_user": false,
    "register_meta_box_cb": "",
    "enter_title_here": ""
  }
]