[
  {
    "key": "10154040_post_type",
    "title": "PNRR_scuoli",
    "menu_order": 0,
    "active": true,
    "post_type": "10154040",
    "advanced_configuration": true,
    "import_source": "",
    "import_date": "",
    "labels": {
      "name": "PNRR_scuoli",
      "singular_name": "PNRR_scuole",
      "menu_name": "PNRR_scuoli",
      "all_items": "Tutti/e gli/le PNRR_scuoli",
      "edit_item": "Modifica PNRR_scuole",
      "view_item": "Visualizza PNRR_scuole",
      "view_items": "Visualizza PNRR_scuoli",
      "add_new_item": "Aggiungi nuovo/a PNRR_scuole",
      "add_new": "Aggiungi nuovo/a PNRR_scuole",
      "new_item": "Nuovo/a PNRR_scuole",
      "parent_item_colon": "PNRR_scuole genitore:",
      "search_items": "Cerca PNRR_scuoli",
      "not_found": "Non abbiamo trovato pnrr_scuoli",
      "not_found_in_trash": "Non ci sono pnrr_scuoli nel cestino",
      "archives": "Archivi PNRR_scuoli",
      "attributes": "Attributi PNRR_scuole",
      "featured_image": "",
      "set_featured_image": "",
      "remove_featured_image": "",
      "use_featured_image": "",
      "insert_into_item": "Inserisci in pnrr_scuole",
      "uploaded_to_this_item": "Caricato in questo/a pnrr_scuole",
      "filter_items_list": "Filtrare l'elenco di pnrr_scuoli",
      "filter_by_date": "Filtra pnrr_scuoli per data",
      "items_list_navigation": "Navigazione elenco PNRR_scuoli",
      "items_list": "Elenco PNRR_scuoli",
      "item_published": "PNRR_scuole pubblicato/a.",
      "item_published_privately": "PNRR_scuole pubblicato/a privatamente.",
      "item_reverted_to_draft": "PNRR_scuole riconvertito/a in bozza.",
      "item_scheduled": "PNRR_scuole programmato/a.",
      "item_updated": "PNRR_scuole aggiornato/a.",
      "item_link": "Link PNRR_scuole",
      "item_link_description": "Un link a un/a pnrr_scuole."
    },
    "description": "<?xml version='1.0' encoding='UTF-8'?><root available-locales=\"it_IT\" default-locale=\"it_IT\"><Description language-id=\"it_IT\">Struttura per Mappa PNRR Scuole</Description></root>",
    "public": true,
    "hierarchical": false,
    "exclude_from_search": false,
    "publicly_queryable": true,
    "show_ui": true,
    "show_in_menu": true,
    "admin_menu_parent": "cmn_web_content",
    "show_in_admin_bar": true,
    "show_in_nav_menus": true,
    "show_in_rest": true,
    "rest_base": "",
    "rest_namespace": "wp/v2",
    "rest_controller_class": "WP_REST_Posts_Controller",
    "menu_position": "",
    "menu_icon": "",
    "rename_capabilities": false,
    "singular_capability_name": "post",
    "plural_capability_name": "posts",
    "supports": [
      "title",
      "thumbnail",
      "custom-fields"
    ],
    "taxonomies": [
      "10154040_category"
    ],
    "has_archive": false,
    "has_archive_slug": "",
    "rewrite": {
      "permalink_rewrite": "post_type_key",
      "with_front": "1",
      "feeds": "0",
      "pages": "1"
    },
    "query_var": "post_type_key",
    "query_var_name": "",
    "can_export": true,
    "delete_with_user": false,
    "register_meta_box_cb": "",
    "enter_title_here": ""
  }
]