[
  {
    "key": "31819_post_type",
    "title": "Dati Tabelle",
    "menu_order": 0,
    "active": true,
    "post_type": "31819",
    "advanced_configuration": true,
    "import_source": "",
    "import_date": "",
    "labels": {
      "name": "Dati Tabelle",
      "singular_name": "Dati Tabella",
      "menu_name": "Dati Tabelle",
      "all_items": "Tutti/e gli/le Dati Tabelle",
      "edit_item": "Modifica Dati Tabella",
      "view_item": "Visualizza Dati Tabella",
      "view_items": "Visualizza Dati Tabelle",
      "add_new_item": "Aggiungi nuovo/a Dati Tabella",
      "add_new": "Aggiungi nuovo/a Dati Tabella",
      "new_item": "Nuovo/a Dati Tabella",
      "parent_item_colon": "Dati Tabella genitore:",
      "search_items": "Cerca Dati Tabelle",
      "not_found": "Non abbiamo trovato dati tabelle",
      "not_found_in_trash": "Non ci sono dati tabelle nel cestino",
      "archives": "Archivi Dati Tabelle",
      "attributes": "Attributi Dati Tabella",
      "featured_image": "",
      "set_featured_image": "",
      "remove_featured_image": "",
      "use_featured_image": "",
      "insert_into_item": "Inserisci in dati tabella",
      "uploaded_to_this_item": "Caricato in questo/a dati tabella",
      "filter_items_list": "Filtrare l'elenco di dati tabelle",
      "filter_by_date": "Filtra dati tabelle per data",
      "items_list_navigation": "Navigazione elenco Dati Tabelle",
      "items_list": "Elenco Dati Tabelle",
      "item_published": "Dati Tabella pubblicato/a.",
      "item_published_privately": "Dati Tabella pubblicato/a privatamente.",
      "item_reverted_to_draft": "Dati Tabella riconvertito/a in bozza.",
      "item_scheduled": "Dati Tabella programmato/a.",
      "item_updated": "Dati Tabella aggiornato/a.",
      "item_link": "Link Dati Tabella",
      "item_link_description": "Un link a un/a dati tabella."
    },
    "description": "",
    "public": true,
    "hierarchical": false,
    "exclude_from_search": false,
    "publicly_queryable": true,
    "show_ui": true,
    "show_in_menu": true,
    "admin_menu_parent": "cmn_other",
    "show_in_admin_bar": true,
    "show_in_nav_menus": true,
    "show_in_rest": true,
    "rest_base": "",
    "rest_namespace": "wp/v2",
    "rest_controller_class": "WP_REST_Posts_Controller",
    "menu_position": "",
    "menu_icon": "",
    "rename_capabilities": false,
    "singular_capability_name": "post",
    "plural_capability_name": "posts",
    "supports": [
      "title",
      "thumbnail",
      "custom-fields"
    ],
    "taxonomies": [
      "31819_category"
    ],
    "has_archive": false,
    "has_archive_slug": "",
    "rewrite": {
      "permalink_rewrite": "post_type_key",
      "with_front": "1",
      "feeds": "0",
      "pages": "1"
    },
    "query_var": "post_type_key",
    "query_var_name": "",
    "can_export": true,
    "delete_with_user": false,
    "register_meta_box_cb": "",
    "enter_title_here": ""
  }
]