[
  {
    "key": "975443_post_type",
    "title": "Elenco Partecipati",
    "menu_order": 0,
    "active": true,
    "post_type": "975443",
    "advanced_configuration": true,
    "import_source": "",
    "import_date": "",
    "labels": {
      "name": "Elenco Partecipati",
      "singular_name": "Elenco Partecipate",
      "menu_name": "Elenco Partecipati",
      "all_items": "Tutti/e gli/le Elenco Partecipati",
      "edit_item": "Modifica Elenco Partecipate",
      "view_item": "Visualizza Elenco Partecipate",
      "view_items": "Visualizza Elenco Partecipati",
      "add_new_item": "Aggiungi nuovo/a Elenco Partecipate",
      "add_new": "Aggiungi nuovo/a Elenco Partecipate",
      "new_item": "Nuovo/a Elenco Partecipate",
      "parent_item_colon": "Elenco Partecipate genitore:",
      "search_items": "Cerca Elenco Partecipati",
      "not_found": "Non abbiamo trovato elenco partecipati",
      "not_found_in_trash": "Non ci sono elenco partecipati nel cestino",
      "archives": "Archivi Elenco Partecipati",
      "attributes": "Attributi Elenco Partecipate",
      "featured_image": "",
      "set_featured_image": "",
      "remove_featured_image": "",
      "use_featured_image": "",
      "insert_into_item": "Inserisci in elenco partecipate",
      "uploaded_to_this_item": "Caricato in questo/a elenco partecipate",
      "filter_items_list": "Filtrare l'elenco di elenco partecipati",
      "filter_by_date": "Filtra elenco partecipati per data",
      "items_list_navigation": "Navigazione elenco Elenco Partecipati",
      "items_list": "Elenco Elenco Partecipati",
      "item_published": "Elenco Partecipate pubblicato/a.",
      "item_published_privately": "Elenco Partecipate pubblicato/a privatamente.",
      "item_reverted_to_draft": "Elenco Partecipate riconvertito/a in bozza.",
      "item_scheduled": "Elenco Partecipate programmato/a.",
      "item_updated": "Elenco Partecipate aggiornato/a.",
      "item_link": "Link Elenco Partecipate",
      "item_link_description": "Un link a un/a elenco partecipate."
    },
    "description": "",
    "public": true,
    "hierarchical": false,
    "exclude_from_search": false,
    "publicly_queryable": true,
    "show_ui": true,
    "show_in_menu": true,
    "admin_menu_parent": "cmn_web_content",
    "show_in_admin_bar": true,
    "show_in_nav_menus": true,
    "show_in_rest": true,
    "rest_base": "",
    "rest_namespace": "wp/v2",
    "rest_controller_class": "WP_REST_Posts_Controller",
    "menu_position": "",
    "menu_icon": "",
    "rename_capabilities": false,
    "singular_capability_name": "post",
    "plural_capability_name": "posts",
    "supports": [
      "title",
      "thumbnail",
      "custom-fields"
    ],
    "taxonomies": [
      "975443_category"
    ],
    "has_archive": false,
    "has_archive_slug": "",
    "rewrite": {
      "permalink_rewrite": "post_type_key",
      "with_front": "1",
      "feeds": "0",
      "pages": "1"
    },
    "query_var": "post_type_key",
    "query_var_name": "",
    "can_export": true,
    "delete_with_user": false,
    "register_meta_box_cb": "",
    "enter_title_here": ""
  }
]