[
  {
    "key": "37395_post_type",
    "title": "Contenuto Generali",
    "menu_order": 0,
    "active": true,
    "post_type": "37395",
    "advanced_configuration": true,
    "import_source": "",
    "import_date": "",
    "labels": {
      "name": "Contenuto Generali",
      "singular_name": "Contenuto Generale",
      "menu_name": "Contenuto Generali",
      "all_items": "Tutti/e gli/le Contenuto Generali",
      "edit_item": "Modifica Contenuto Generale",
      "view_item": "Visualizza Contenuto Generale",
      "view_items": "Visualizza Contenuto Generali",
      "add_new_item": "Aggiungi nuovo/a Contenuto Generale",
      "add_new": "Aggiungi nuovo/a Contenuto Generale",
      "new_item": "Nuovo/a Contenuto Generale",
      "parent_item_colon": "Contenuto Generale genitore:",
      "search_items": "Cerca Contenuto Generali",
      "not_found": "Non abbiamo trovato contenuto generali",
      "not_found_in_trash": "Non ci sono contenuto generali nel cestino",
      "archives": "Archivi Contenuto Generali",
      "attributes": "Attributi Contenuto Generale",
      "featured_image": "",
      "set_featured_image": "",
      "remove_featured_image": "",
      "use_featured_image": "",
      "insert_into_item": "Inserisci in contenuto generale",
      "uploaded_to_this_item": "Caricato in questo/a contenuto generale",
      "filter_items_list": "Filtrare l'elenco di contenuto generali",
      "filter_by_date": "Filtra contenuto generali per data",
      "items_list_navigation": "Navigazione elenco Contenuto Generali",
      "items_list": "Elenco Contenuto Generali",
      "item_published": "Contenuto Generale pubblicato/a.",
      "item_published_privately": "Contenuto Generale pubblicato/a privatamente.",
      "item_reverted_to_draft": "Contenuto Generale riconvertito/a in bozza.",
      "item_scheduled": "Contenuto Generale programmato/a.",
      "item_updated": "Contenuto Generale aggiornato/a.",
      "item_link": "Link Contenuto Generale",
      "item_link_description": "Un link a un/a contenuto generale."
    },
    "description": "",
    "public": true,
    "hierarchical": false,
    "exclude_from_search": false,
    "publicly_queryable": true,
    "show_ui": true,
    "show_in_menu": true,
    "admin_menu_parent": "cmn_web_content",
    "show_in_admin_bar": true,
    "show_in_nav_menus": true,
    "show_in_rest": true,
    "rest_base": "",
    "rest_namespace": "wp/v2",
    "rest_controller_class": "WP_REST_Posts_Controller",
    "menu_position": "",
    "menu_icon": "",
    "rename_capabilities": false,
    "singular_capability_name": "post",
    "plural_capability_name": "posts",
    "supports": [
      "title",
      "thumbnail",
      "custom-fields"
    ],
    "taxonomies": [
      "37395_category"
    ],
    "has_archive": false,
    "has_archive_slug": "",
    "rewrite": {
      "permalink_rewrite": "post_type_key",
      "with_front": "1",
      "feeds": "0",
      "pages": "1"
    },
    "query_var": "post_type_key",
    "query_var_name": "",
    "can_export": true,
    "delete_with_user": false,
    "register_meta_box_cb": "",
    "enter_title_here": ""
  }
]