[
  {
    "key": "taxonomy_251204125839tag",
    "title": "Tag StrutturaConsulente",
    "menu_order": 0,
    "active": true,
    "taxonomy": "1261149_tag",
    "object_type": [
      "1261149"
    ],
    "advanced_configuration": 1,
    "import_source": "",
    "import_date": "",
    "labels": {
      "name": "Tag StrutturaConsulente",
      "singular_name": "Tag StrutturaConsulente",
      "menu_name": "Tag StrutturaConsulente",
      "all_items": "Tutti/e gli/le Tag StrutturaConsulente",
      "edit_item": "Modifica Tag StrutturaConsulente",
      "view_item": "Visualizza Tag StrutturaConsulente",
      "update_item": "Aggiorna Tag StrutturaConsulente",
      "add_new_item": "Aggiungi nuovo/a Tag StrutturaConsulente",
      "new_item_name": "Nome del nuovo Tag StrutturaConsulente",
      "parent_item": "",
      "parent_item_colon": "",
      "search_items": "Cerca tag strutturaconsulente",
      "most_used": "",
      "not_found": "Non abbiamo trovato tag strutturaconsulente",
      "no_terms": "Nessun tag strutturaconsulente",
      "name_field_description": "",
      "slug_field_description": "",
      "parent_field_description": "",
      "desc_field_description": "",
      "filter_by_item": "Filtra per tag strutturaconsulente",
      "items_list_navigation": "Navigazione elenco Tag StrutturaConsulente",
      "items_list": "Elenco Tag StrutturaConsulente",
      "back_to_items": "← Torna a tag strutturaconsulente",
      "item_link": "Link Tag StrutturaConsulente",
      "item_link_description": "Un link a tag strutturaconsulente"
    },
    "description": "",
    "capabilities": {
      "manage_terms": "manage_categories",
      "edit_terms": "manage_categories",
      "delete_terms": "manage_categories",
      "assign_terms": "edit_posts"
    },
    "public": 1,
    "publicly_queryable": 1,
    "hierarchical": 0,
    "show_ui": 1,
    "show_in_menu": 1,
    "show_in_nav_menus": 1,
    "show_in_rest": 1,
    "rest_base": "",
    "rest_namespace": "wp/v2",
    "rest_controller_class": "WP_REST_Terms_Controller",
    "show_tagcloud": 1,
    "show_in_quick_edit": 1,
    "show_admin_column": 0,
    "rewrite": {
      "permalink_rewrite": "taxonomy_key",
      "with_front": "1",
      "rewrite_hierarchical": "0"
    },
    "query_var": "post_type_key",
    "query_var_name": "",
    "default_term": {
      "default_term_enabled": "0"
    },
    "sort": 0,
    "meta_box": "default",
    "meta_box_cb": "",
    "meta_box_sanitize_cb": ""
  }
]